,,,,,,,,,,,,,,,downloaded_filename,drive_file_id
1,"Media Type (Sheet, Book, or Records)",Name of Piece,Front Cover,Back Cover,Box #,Number of Songs,Genre,Lyrics By,Music By,Publisher Location,Publisher Company,Publisher,Copyright Date,Misc. / Notes / Other,,
2,Book,The Laughing Little Red-Head Coon,Front Cover,Back Cover,1,1,Lullaby,Ellis G. Berg,Ellis G. Berg,1293 B'way; NY,Harry Tillmann & Co.,,1899,Front Cover: Red colors and a picture of a black baby frame in the top middle.,NOT DOWNLOADED: 1ptCgjwIHePYL7xYFZDz,1ptCgjwIHePYL7xYFZDzG5cxJGCKuVJWk
3,Book,M & S Two-Step March,Front Cover,Back Cover,1,2,Popular Vocal (piano),None,Eduard Holst,Broadway & 47 St. NY,The Mathushek & Son Piano Co.,,1899,Front Cover: A child playing the piano.,NOT DOWNLOADED: 1ynO4UZEFRmjIek-wZFx,1ynO4UZEFRmjIek-wZFx8CcUqE_dmtSLb
4,Book,Castles In The Air,Front Cover,Back Cover,1,2,Waltz,Joseph Herbert,Paul Lincke,102-104 W. 38th St. NY,Jos. W. Stern & Co.,,1900,Front Cover: Purple details and a picture of Mr. Julius Steger (singer),NOT DOWNLOADED: 1vVZwWeEo0dASZLsEvZc,1vVZwWeEo0dASZLsEvZcLlkpdaYSh_mdd
5,Book,"Smiles, Smiles, Smiles",Front Cover,Back Cover,1,2,Romance,Byrd Dougherty,Wm. H. Penn,Chicago,Sol Bloom Cor.,,1901,,NOT DOWNLOADED: 1VWYc8b4vvxjORYa--s5,1VWYc8b4vvxjORYa--s5N9ZeX1BDWjULW
6,Sheet,Morocco Bound,Front Cover,Back Cover,1,1,Historical,Wm. Herman West,Wm. Herman West,,Sol Bloom Cor Randoph & Dearborn St.,,1901,Front Cover: Red letters and a picture of a man in the left.,NOT DOWNLOADED: 1NtyeK_whbtg9Uw96rY_,1NtyeK_whbtg9Uw96rY_9Zf4rUdQmVC2s
7,Book,The Girl You Love,Front Cover,Back Cover,1,1,Romance,Paul A. Rubens,Paul A. Rubens,NY and Chicago,"Metzler & Co., Ltd",,1902,,NOT DOWNLOADED: 1su1WvQCbTKwkYh8j8n1,1su1WvQCbTKwkYh8j8n1Hto2atcbS46UP
8,Book,The Meaning of USA,Front Cover,Back Cover,1,2,Historical,Raymond A. Browne,Raymond A. Browne,1568-1570 Broadway NY,American Advance Music Co.,,1902,"Front Cover: Bold Letter with white, blue, and red details.",NOT DOWNLOADED: 1PXNOqveHLekAFdnwdT2,1PXNOqveHLekAFdnwdT2WB5aNgbpm0_Cm
9,Book,Sweet Irish Kate,Front Cover,Back Cover,1,1,Waltz,Tem Guiness,Herman Berl,265 Sixth Ave. NY,Francis Mack Publ. Co.,,1904,Front Cover: A man courting a woman.,NOT DOWNLOADED: 1rioc3y4UFH7wsy8T8VM,1rioc3y4UFH7wsy8T8VMKmi4R1-pp_dZL
10,Book,Sister March Song,Front Cover,Back Cover,1,1,Popular Vocal (piano),Alan M. Rattray,Clarence Vaughan,"31 West 31st Street, NY",Chas. K. Harris,,1905,Front Cover: Orange color with flowers framing a woman's picture.,NOT DOWNLOADED: 1JUV7sYZhtXtno3lE85U,1JUV7sYZhtXtno3lE85UFkxswBzexzg2h
11,Sheet,Valentine's Day,Front Cover,Back Cover,1,1,Romance,Annie W. McCullough,Ida. M. Titus,"Boston, Mass.",,,1906,Part of a newspaper-The song is just a box half way through the page.,NOT DOWNLOADED: 1kqMitmpy3EolXOxS8wh,1kqMitmpy3EolXOxS8whIcB4jFBd_BAT_
12,Book,Treasure Chest for The Young Pianist,Front Cover,Back Cover,1,15,Piano,None,Various Composer,New York,Treasure Chest Publications,,1940,A black piano with various figures dancing on the front.,NOT DOWNLOADED: 1LtKc1e0hX-ev3g7jXC1,1LtKc1e0hX-ev3g7jXC13aEtdlrIeMYq-
13,Book,Mon Reve,Front Cover,Back Cover,1,1,Piano,None,Emile Waldteufel,13 East 14th Street NY,S.T. Gordon and Son,,,,NOT DOWNLOADED: 18MmqqjfdiTiPj6POFAo,18MmqqjfdiTiPj6POFAokFwKsVEboOeJs
14,Book,Devoted Hearts,Front Cover,Back Cover,1,2,Romance,None,Scott Clark,"136 N. 9th St. Phila, PA",Eclipse Publishing Co.,,1906,Front Cover: A woman and a man holding hands looking into each other eyes.,NOT DOWNLOADED: 1rnnhfgUDIqr2ENR-Q1h,1rnnhfgUDIqr2ENR-Q1hlxQDO3-CJ4Pfy
15,Book,Mid The Fields of Snowy Cotton,Front Cover,Back Cover,1,3,Soul,Otto and John Heinzman,Otto and John Heinzman,New York,Weser Bros,,1906,Type:,NOT DOWNLOADED: 1-imjy3FDddMRXP5G4lj,1-imjy3FDddMRXP5G4lj8fQ7hOyQFDR-I
16,Sheet,School Days,Front Cover,Back Cover,1,1,Romance,Cobb & Edwards,Cobb & Edwards,1512 Broadway NY,The Gus Edwards Music Pub. Co.,,1906,Front Cover: Two school age children (girl and boy).,NOT DOWNLOADED: 1EYnyu59gaEOrZyuYexb,1EYnyu59gaEOrZyuYexbG3nD34D-2gNbx
17,Book,Two Little Doves,Front Cover,Back Cover,1,1,Romance,Manuel Klein,Manuel Klein,New York,M.W. & Sons,,1907,Two white doves on a tree meeting.,NOT DOWNLOADED: 1fvLrgNVmSqFN3WWyf3j,1fvLrgNVmSqFN3WWyf3jq-KL8Moq44dMF
18,Book,Your Pictures Says Remember Though Your Letter Says Forget,Front Cover,Back Cover,1,1,Popular Vocal (piano),Authur J. Lamb,S.R. Henry,102-104 W. 38th St. NY,Jos. W. Stern & Co.,,1907,,NOT DOWNLOADED: 1ZXN-DlnpgSw6282jFGs,1ZXN-DlnpgSw6282jFGsGwZQpPyDs2srT
19,Sheet,You Splash Me and I'll Splash You,Front Cover,Back Cover,1,1,Comic,Arthur J. Lamb,Alfred Solman,102-104 West 38th St. NY,Jos. W. Stern & Co.,,1907,,NOT DOWNLOADED: 1MQXPuAHvtj1J2DdNViV,1MQXPuAHvtj1J2DdNViVCNv2xc1CCeSWx
20,Book,Rainbow,Front Cover,Back Cover,1,2,Popular Vocal (piano),Alfred Bryan,Percy Wenrich,Detroit and NY,Jerome H. Remick & Co.,,1908,Front Cover: A picture of a native woman.,NOT DOWNLOADED: 1JYQWg31uNai9lZJEKF_,1JYQWg31uNai9lZJEKF_3iANuaTtzMwb-
21,Book,When It's Moonlight On The Prairie,Front Cover,Back Cover,1,1,Popular Vocal (piano),Robt. F. Roden,S.R. Henry,102-104 W. 38th St. NY,Jos. W. Stern & Co.,,1908,Front Cover: A woman and a man riding horses.,NOT DOWNLOADED: 1qo12Dn-SvOSrMWq1ioY,1qo12Dn-SvOSrMWq1ioYpYhW2aFNPj_Sh
22,Book,How Can I Help Loving Thee?,Front Cover,Back Cover,1,1,Popular Vocal (piano),Julian Jordan,Julian Jordan,105 So. Fourth Ave. NY,The Foutain Music Co.,,1908,"Front Cover: ""Three Songs"" with three circle naming the songs and flowers around.",NOT DOWNLOADED: 1Nd3JLupCta4iwvgSede,1Nd3JLupCta4iwvgSedeic06hC88eKGTR
23,Book,Scuse Me Today,Front Cover,Back Cover,1,8,Popular Vocal (piano),Chas. K. Harris,Chas. K. Harris,NY and Chicago,Chas. K. Harris,,1909,Front Cover: Students in a classroom.,NOT DOWNLOADED: 18elDKzxfzLRBuTEppSG,18elDKzxfzLRBuTEppSGd4k3ykS3C-scl
24,Book,I Dreamed You Were Dreaming of Me,Front Cover,Back Cover,1,1,Romance,Earle C. Jones,L. Albert,Detroit and NY,Jerome H. Remick & Co.,,1910,Front Cover: A man sitting in a chair think and a woman in a cloud watching.,NOT DOWNLOADED: 1nv_el4dcccUmJNvRP33,1nv_el4dcccUmJNvRP33RDNYeWpCGOlIW
25,Book,"Oh, You Dream",Front Cover,Back Cover,1,2,Romance,Wm. Jerome,Jean Schwartz,NY and Chicago,Jerome H. Remick & Co.,,1910,Front Cover: A woman's side profile.,,
26,Book,Flower of Memory (4 copies),Front Cover,Back Cover,1,1,Popular Vocal (piano),W.C. Howard,W.C. Howard,123 West 42nd St. NY,Pease Piano Company,,1911,Front Cover: A man and woman hugging while the man holds a flower.,NOT DOWNLOADED: 1bPlnb-T98TVBb6UyWOf,1bPlnb-T98TVBb6UyWOfdI6p2GViGK19P
27,Book,Flower of Memory,Front Cover,Back Cover,1,1,Popular Vocal (piano),W.C. Howard,W.C. Howard,124 West 42nd St. NY,Pease Piano Company,,1911,Front Cover: A man and woman hugging while the man holds a flower.,,
28,Book,Flower of Memory,Front Cover,Back Cover,1,1,Popular Vocal (piano),W.C. Howard,W.C. Howard,125 West 42nd St. NY,Pease Piano Company,,1911,Front Cover: A man and woman hugging while the man holds a flower.,,
29,Book,Flower of Memory,Front Cover,Back Cover,1,1,Popular Vocal (piano),W.C. Howard,W.C. Howard,126 West 42nd St. NY,Pease Piano Company,,1911,Front Cover: A man and woman hugging while the man holds a flower.,,
30,Book,Flower of Memory,Front Cover,Back Cover,1,1,Popular Vocal (piano),W.C. Howard,W.C. Howard,127 West 42nd St. NY,Pease Piano Company,,1911,Front Cover: A man and woman hugging while the man holds a flower.,,
31,Book,Flower of Memory,Front Cover,Back Cover,1,1,Popular Vocal (piano),W.C. Howard,W.C. Howard,128 West 42nd St. NY,Pease Piano Company,,1911,Front Cover: A man and woman hugging while the man holds a flower.,,
32,Book,By The Beautiful Sea,Front Cover,Back Cover,1,1,Dance Folio,Harold R. Atteridge,Harry Carroll,Broadway & 39th St. NY,"Shapiro, Bernstein & Co. Inc.",,1914,Front Cover: People dancing near a beach with water. Stanford Four presented.,NOT DOWNLOADED: 1rlBSb8QdL0U7BjeoBgN,1rlBSb8QdL0U7BjeoBgNW4qHL9HelgQKG
33,Book,You're Here and I'm Here,Front Cover,Back Cover,1,3,Romance,Harry B. Smith,Jerome D. Kern,"Feist Building, 231 West 40th St. NY","Leo Feist, Inc.",,1914,"Front Cover: "" Donald Brian in the Marriage Market"" a picture of a man. A squared box bottom right "" Also published as a One-Step, Two-Step & Trot as featured by Mr. & Mrs. Vernon Castle"".",NOT DOWNLOADED: 1jZNYbiWQuOgqrObuFQS,1jZNYbiWQuOgqrObuFQS_1GafUt-SmU9F
34,Sheet,School Days,Front Cover,Back Cover,1,1,Popular Vocal,Cobb & Edwards,Cobb & Edwards,"1512 Broadway, NY",Gus. Edward Music Pub. Co.,,1907,,,
35,Sheet,"Latest Song Successes From ""The House Melodious:",Front Cover,Back Cover,1,5,Popular Vocal,Raymond A. Browne,Cobb & Edwards,1512 Broadway NY,Gus. Edward Music Pub. Co.,,1906,,,
36,Book,Red Red Rose,Front Cover,Back Cover,1,2,Romance,Alex. Rogers,Will Marion Cook,50 W 29th St. NY,The Gotham Attucks Music Co.,,1908,Front Cover: A big Red Rose in the center with a picture of a girl in the bottom right,NOT DOWNLOADED: 1DIYUbzbX6uDNcKt0ZrO,1DIYUbzbX6uDNcKt0ZrOPTJ_APYRY1zbP
37,Book,Daddy's Little Tom-Boy Girl,Front Cover,Back Cover,1,1,Popular Vocal (piano),Robt. F. Roden,J. Fred Helf,43 W. 28th St. NY,Helf & Hager Co. Inc,,1908,Front Cover: A father watching his daughter flirt with a boy.,NOT DOWNLOADED: 1ulZCSrTlSz5-S-vl5rz,1ulZCSrTlSz5-S-vl5rz1ARQDZmh9WDGY
38,Book,Three Twins,Front Cover,Back Cover,1,1,Romance,O.A. Hauerbach,Karl Hoschna,427 Gates Ave. NY,M Witmark & Sons,,1908,Front Cover: A woman dressed liked a clown and and a man holding a picture of a man.,NOT DOWNLOADED: 1mD0S4J3eOqAmLV5KkW8,1mD0S4J3eOqAmLV5KkW82B1ELkwWNbyme
39,Book,Three Twins,Front Cover,Back Cover,1,1,Romance,O.A. Hauerbach,Karl Hoschna,427 Gates Ave. NY,M Witmark & Sons,,1908,Front Cover: A woman dressed liked a clown and and a man holding a picture of a man.,NOT DOWNLOADED: 1CC3Xfce2iUqbN1OVrXf,1CC3Xfce2iUqbN1OVrXfgwnDkkc6HxXlq
40,Book,Always In The Way,Front Cover,Back Cover,1,3,Popular Vocal (piano),Chas. K. Harris,Chas. K. Harris,NY and Chicago,Chas. K. Harris,,1903,Front Cover: Phyllis Gilmore frame in the middle with red and green details.,NOT DOWNLOADED: 1bdVahmdm6IcOMvSx7Ms,1bdVahmdm6IcOMvSx7MsME92JguITRREp
41,Book,A Picnic for Two,Front Cover,Back Cover,1,3,Romance,Arthur J. Lamb,Albert Von Tilzer,40 West 28th St. NY,The York Music Co.,,1905,Front Cover: A picture of four man in the center with a raspberry tree framing the picture.,NOT DOWNLOADED: 1Is2cVMZhpimLnqbPN8w,1Is2cVMZhpimLnqbPN8w1N-refZK0Sp2L
42,Book,"I'm Glad I'm Married The Great ""Yes She Does"" Song",Front Cover,Back Cover,1,3,Popular Vocal (piano),Jack Norworth,Albert Von Tilzer,40 West 28th St. NY,The York Music Co.,,1908,Front Cover: Red and green details with a picture of Henry Fink in the bottom right.,NOT DOWNLOADED: 18DmxnwUjr2h7jMVcOmt,18DmxnwUjr2h7jMVcOmtCzzc12coTdLbg
43,Book,Carrie or Carrie Marry Harry,Front Cover,Back Cover,1,3,Popular Vocal(piano),Junie McCree,Albert Von Tilzer,40 West 28th St. NY,The York Music Co.,,1909,Front Cover: A woman and a man hugging and smiling at each other.,NOT DOWNLOADED: 1upic4cPHAfm9LA7u35A,1upic4cPHAfm9LA7u35AeUo07fuIFyjas
44,Book,I Hope It Doesn't Rain On Sunday,Front Cover,Back Cover,1,1,Sunday,A. Seymour Brown,Nat D. Ayer,Detroit and NY,Jerome H. Remick & Co.,,1910,Front Cover: Yellow details and 2 bases in the front.,NOT DOWNLOADED: 1KWnZK0FFViStdBbk0wU,1KWnZK0FFViStdBbk0wUDe0IHR1mhfjve
45,Book,Merry Widow,Front Cover,Back Cover,1,5,Showtunes,None,Franz Lehar,,Academic Music Co.,,1908,Front Cover: A woman holding a rose. She is wearing blue clothing.,NOT DOWNLOADED: 10kvy7vAIA5mddtRd7R6,10kvy7vAIA5mddtRd7R6sCttC4AX0a5SI
46,Book,Strolling,Front Cover,Back Cover,1,1,Popular Vocal(piano),Lester Charles Riemer,Lester Charles Riemer,"Asbury Park, NJ",The Riemer Music Pub. Co.,,1908,,NOT DOWNLOADED: 13kHmF3XZm01cWXszOMn,13kHmF3XZm01cWXszOMnE0Lc740B2zocX
47,Book,I Want To Linger,Front Cover,Back Cover,1,1,Romance,Stanley Murphy,Henry I. Marshall,Detroit and NY,Jerome H. Remick & Co.,,1914,Front Cover: A woman stitted staring into space.,NOT DOWNLOADED: 1jMnRbFVmB7hbDbw9xpG,1jMnRbFVmB7hbDbw9xpG_SXujaA1pHmC1
48,Book,I Hear You Calling Me Tennessee,Front Cover,Back Cover,1,2,Soul,Powell I. Ford,Ray Russell,1367-69 Broadway NY,Cosmopolitan Music Co. Cosmopolitan Music Co.1914,,1914,Front Cover: A house in near a lake.,NOT DOWNLOADED: 1j7NzodTavHWgebsQcZu,1j7NzodTavHWgebsQcZubUa3ZQ6HyqWev
49,Book,Land of Joy Waltz,Front Cover,Back Cover,1,1,Happy/Waltz/Dance,Ruth Boyd Ober,Joaquin Valverde,,G. Shirmer,,1917,Part of a newspaper- yellow details. A man singing to a woman up in a window.,NOT DOWNLOADED: 1PFjECvdJU4RB1hcM0lK,1PFjECvdJU4RB1hcM0lK7Jm7Vw-a4zujs
50,Book,Hula Lou,Front Cover,Back Cover,1,1,Dreamy,Edward Grossmith,Ted D. Ward,154 West 45th St. NY,Bernard Granville Publishing Co.,,1916,Front Cover: An woman playing the ukele sitting in bench looking at the water.,NOT DOWNLOADED: 1UglgQHYg1JWqyvUj8LH,1UglgQHYg1JWqyvUj8LHPE0oOfBNp4c6V
51,Book,"When You're A Long, Long Way From Home",Front Cover,Back Cover,1,3,Dreamy,Sam. M. Lewis,Geo. W. Meyers,145 West 45th St. NY,Broadway Music Corporation,,1914,Front Cover: Colorful pictures of a house.,NOT DOWNLOADED: 1orrkP70YtzqBrT6-luJ,1orrkP70YtzqBrT6-luJVxz4p5dsNc0p-
52,Book,Break Forth Into Joy,Front Cover,Back Cover,1,13,Religious,E. T. Cook,E. T. Cook,"58 Berners St. London, UK",Stainer & Bell Ltd.,,1912,,NOT DOWNLOADED: 1W2cwKMDlYilpl3Wuo16,1W2cwKMDlYilpl3Wuo16Z6BqntZ-rFLpL
53,Book,The Aeroplane Waltz,Front Cover,Back Cover,1,1,Waltz,None,Chas. Konedski Davis,New York,Presto Pub. Co.,,1914,Front Cover: A man and a woman in dance attire posing.,NOT DOWNLOADED: 1qKcmKZ3Zk4w0uP9LtCv,1qKcmKZ3Zk4w0uP9LtCv00utZHt7zHiPB
54,Book,Good Bye Sweet Marie,Front Cover,Back Cover,1,14,Historical,Will D. Cobb,Kerry Mills,48 W 29th St. NY,F. A. Mills,,1905,Front Cover: Patriotic colors and woman waving a white cloth.,NOT DOWNLOADED: 1WtAAF2x3_1NSWyIhooS,1WtAAF2x3_1NSWyIhooSXy_TYgcAIs4bi
55,Book,I'm Looking For A Sweetheart and I Think You'll Do,Front Cover,Back Cover,1,1,Romance,R.H. Burnside,Manuel Klein,New York,M. Witmark & Sons,,1908,,NOT DOWNLOADED: 1QhibyM6MMQ-4uMwUlhX,1QhibyM6MMQ-4uMwUlhX3I680_uKZxY5h
56,Book,The Prettiest Girl In The World,Front Cover,Back Cover,1,2,Romance,Jas Fax,R. Gruenwald,"Boston, Mass.",C.W.Thompson & Co.,,1909,,NOT DOWNLOADED: 1T4z_vz8FUyeYbjPStgP,1T4z_vz8FUyeYbjPStgPT-1D_nfKSvBBd
57,Sheet,Prelide In B Flat,Front Cover,Back Cover,1,1,Piano/Dance/Waltz,None,Charles Valentin Alkan,,Oliver Ditson Company,,1910,,,
58,Sheet,The Etude Marche Militaire,Front Cover,Back Cover,1,1,Piano,None,P. Tschaikowsky,,Theo Presser Co.,,1911,,,
59,Book,There's A Big Cry-Baby In The Moon,Front Cover,Back Cover,1,1,Lullaby,James Burris,Chris Smith,Detroit and NY,Jerome H. Remick & Co.,,1910,Front Cover: A big moon with a baby crying in the moon.,NOT DOWNLOADED: 1n30ElDPrzNYDwfDhQHY,1n30ElDPrzNYDwfDhQHYLs5A92SQTJFc6
60,Book,That Baboon Baby Dance,Front Cover,Back Cover,1,1,Waltz,Dave Oppenheim,Joe Cooper,Broadway 39th St. NY,"Shapiro, Bernstein & Co. Inc.",,1911,Front Cover: A picture of some monkeys playing outside in some trees.,NOT DOWNLOADED: 1QzRXIYuWmv5yv1c_QVH,1QzRXIYuWmv5yv1c_QVHT1zLx_E5wdpJp
61,Book,When I Dream Of You,Front Cover,Back Cover,1,2,Popular Vocal (piano),Anita Owen,Anita Owen,Detroit and NY,Jerome H. Remick & Co.,,1910,Front Cover: A woman posing sated with purple flowers around.,NOT DOWNLOADED: 1rPHaJ1Gm7Z95vGJodr_,1rPHaJ1Gm7Z95vGJodr_uPrKp5wDdMFNo
62,Book,Lady Love,Front Cover,Back Cover,1,1,Popular Vocal (piano),Ribe Danmark,Ribe Danmark,Detroit and NY,Jerome H. Remick & Co.,,1909,,NOT DOWNLOADED: 1mCcRFwPnELKSAK9tNtj,1mCcRFwPnELKSAK9tNtjGeAMtjRCXDT1S
63,Book,I Love You You You You,Front Cover,Back Cover,1,1,Romance,Lester C. Riemer,Lester C. Riemer,"Asbury Park, NJ",The Riemer Music Pub. Co.,,1908,Front Cover: A man and a woman kissing.,NOT DOWNLOADED: 1u3ZzzJMXl3ru7xs2Skz,1u3ZzzJMXl3ru7xs2Skz7odtc15-XTMHC
64,Book,I Love My Wife But OH! Her Family,Front Cover,Back Cover,1,2,Comedy,Jeff T. Branen,Arthur W. Lange,"1431 B'way, NYC",Jeff T. Branen Music Pub. Co.,,1909,Front Cover: Blue colors details as a woman looks out the door in a dark night.,NOT DOWNLOADED: 10DQ1c_ZN-k2RONmp96w,10DQ1c_ZN-k2RONmp96wEWOMS7uWT4Dl3
65,Book,"Oh, You Bear Cat Rag",Front Cover,Back Cover,1,2,Popular Vocal (piano),Wm. Tracey,Lewis F. Muir,136 West 37 St. NY,J. Fred Helf Company,,1910,Front Cover: A bear with a purple flower necklance around it.,NOT DOWNLOADED: 1rjZU_lQ7SHU9-wHjCWO,1rjZU_lQ7SHU9-wHjCWOyKydTz42Ea0w2
66,Book,O.O.Ohio Song,Front Cover,Back Cover,1,1,Romance,A. Seymour Brown & Eddie Leonard,Nat D. Ayer,Detroit and NY,Jerome H. Remick & Co.,,1910,,NOT DOWNLOADED: 11A_qt_xjrKNZD5fVFao,11A_qt_xjrKNZD5fVFaoTwGQ8arVZrMph
67,Book,Texas Tommy's Dance,Front Cover,Back Cover,1,2,Piano/Dance/Waltz,Edgar Leslie,Lewis F. Muir,136 W 37th St. NY,J. Fred Helf Company,,1911,Front Cover: A man with a cowboy hat and a gun pointed up.,NOT DOWNLOADED: 1kuul7yK7l2u2pEwIkDl,1kuul7yK7l2u2pEwIkDlN6zgQ4XWIphDy
68,Book,That Mesmerizing Mendelssohn Tune,Front Cover,Back Cover,1,1,Romance,Irving Berlin,Irving Berlin,112 W. 38th St. NY,Ted Snyder Co. Inc.,,1909,Front Cover: A colorful picture of a woman looking up in the sky.,NOT DOWNLOADED: 1ofs6L7uhgzjy8tlvitJ,1ofs6L7uhgzjy8tlvitJE5MWfrthbYlDs
69,Book,Out Side of That You're All Right,Front Cover,Back Cover,1,1,Romance,Wm. Tracey,Jas. McGavisk,208 West 42nd St. NY,NYBO Music Publishing Co.,,1910,Front Cover: Blue color details and a picture of a woman standing.,NOT DOWNLOADED: 1SUgdUTnEx8G5T3NSlx6,1SUgdUTnEx8G5T3NSlx6m9VXNRvRfl6eJ
70,Book,Moon Moon Moon Come Out Soon,Front Cover,Back Cover,1,1,Piano,Lester C. Riemer,Lester C. Riemer,"Asbury Park, NJ",Riemer Music Pub. Co.,,1908,Front Cover: A woman looking at the moon.,NOT DOWNLOADED: 16FcV6OMqkdL_g4Ubsv9,16FcV6OMqkdL_g4Ubsv9WKtYFY0NiBqaf
71,Book,Likin Aint't Like Lovin,Front Cover,Back Cover,1,1,Popular Vocal,James Reese Europe,James Reese Europe,51 West 28th St. NY,Victoria Music Co.,,1907,Front Cover: A woman posing side ways with a red outfit.,NOT DOWNLOADED: 17PEbAELb0T4cWFrxULV,17PEbAELb0T4cWFrxULVsdAGDr8drSZiW
72,Book,Sacred Songs,Front Cover,Back Cover,1,6,Religious/Christmas,Fred E. Weatherly,Paul Rodney,,,,,Front Cover: An angel playing a guitar.,NOT DOWNLOADED: 1qggMpmEPODugYlSv-LS,1qggMpmEPODugYlSv-LSQJdSJ4EUsj5iW
73,Sheet,Try These On Your Piano,Front Cover,Back Cover,1,3,Piano,Chas. K. Harris,Chas K. Harris,"31 West 31st Street, NY",Chas. K. Harris Music Publisher,,,,,
74,Book,Would You Care?,Front Cover,Back Cover,1,1,Popular Vocal,Chas. K. Harris,Chas. K. Harris,"31 West 31st Street, NY",Chas. K. Harris Music Publisher,,1905,,NOT DOWNLOADED: 1DR68pFAHo4qnvgoPcrC,1DR68pFAHo4qnvgoPcrCGOWPK67cxcCCJ
75,Book,I Wish I Had A Girl,Front Cover,Back Cover,1,2,Piano,Gus Kahn,Grace Leboy,"268 Wabash Ave. Chicago, IL",Thompson Music Co.,,,Front Cover: A man watching a couple walking on a park.,,
76,Sheet,Manana,Front Cover,Back Cover,1,1,Piano,None,Nicolo Ferrata,P,"Leo Feist, Inc.",,1911,,,
77,Book,The Prince of Pilsen,Front Cover,Back Cover,1,1,Comedy,Frank Pixley,Gustav Luders,"NY, London, Chicago & San Francisco",M.Witmark & Sons,,1902,Front Cover: Orange and black details.,NOT DOWNLOADED: 1SixRHXUn9-d5pND-n6c,1SixRHXUn9-d5pND-n6cqQHNvMK9wQhiW
78,Book,Favorite Songs,Front Cover,Back Cover,1,1,Romance/Piano,Arthur P. Schmidt,Arthur P. Schmidt,"Boston, Mass.",Arthur P. Schmidt,,1890,,NOT DOWNLOADED: 1DhRWuRLG0VrLgIduNcM,1DhRWuRLG0VrLgIduNcM0rPGNFw1LNV_w
79,Book,German Songs,Front Cover,Back Cover,1,1,Piano,Nathan Haskell Dole,Friedr Wickede,New York,G. Shirmer,,1890,,NOT DOWNLOADED: 19OXorsRqrCcMvWWz2Yh,19OXorsRqrCcMvWWz2YhCX3RS9EoZEX05
80,Book,Creole Serenade,Front Cover,Back Cover,1,1,Piano,Eugene Oudin,Theodore Rittef,35 Union Square. NY,G. Shirmer,,1887,Front Cover: Blue color details.,NOT DOWNLOADED: 150Yz-QtghuJXLoHlNL9,150Yz-QtghuJXLoHlNL9RfyER-VaX-jUu
81,Book,I've Lost My Gal,Front Cover,Back Cover,1,2,Popular Vocal,Harry Williams,Egbert Van Alstyne,Detriot and NY,Jerome H. Remick & Co.,,1909,Front Cover: Green and green details. A picture of Williams and Van Alastyne.,NOT DOWNLOADED: 1vdXEhrU-ngoJ0wk7MU4,1vdXEhrU-ngoJ0wk7MU4yi-mGUCo7ZBBW
82,Book,Good Evening Caroline,Front Cover,Back Cover,1,4,Popular Vocal(piano),Jack Norworth,Albert Von Tilzer,40 West 28th St. NY,The New York Co.,,1908,Front Cover: Green details and a picture of Ed Morton.,NOT DOWNLOADED: 1i4KaPZZX5j9nDqXeFxF,1i4KaPZZX5j9nDqXeFxFOyA_J3rsvkbsc
83,Book,I've Lost My Gal,Front Cover,Back Cover,1,4,Popular Vocal,Harry Williams,Egbert Van Alstyne,Detroit and NY,Jerome H. Remick & Co.,,1908,Front Cover: Two red hair women facng each other,NOT DOWNLOADED: 1w78zZffH1E4KZ5RJ2xn,1w78zZffH1E4KZ5RJ2xnrlQThbVscnldV
84,Book,Who's Your Friend,Front Cover,Back Cover,1,1,Popular Vocal(piano),Howard & Emerson,Howard & Emerson,"1356 Fifth Avenue, NY",Howard & Emerson Publishing Co.,,1902,Front Cover: Red details with a pose woman to the bottom right.,NOT DOWNLOADED: 1z2BqgFz9FlUI8m4p_Xk,1z2BqgFz9FlUI8m4p_Xkh4U473TInf-GR
85,Book,Next To Your Mother Who do You Love?,Front Cover,Back Cover,1,2,Romance,Irving Berlin,Ted Snyder,111 West 38St. NY,Ted Snyder Co. Music Publishers,,1909,Front Cover: A mand and A woman looking at each other flritiously,NOT DOWNLOADED: 1oiFMJm1adDeeMmysc6n,1oiFMJm1adDeeMmysc6nT98YFuJGc23at
86,Book,Next To Your Mother Who do You Love?,Front Cover,Back Cover,1,2,Romance,Irving Berlin,Ted Snyder,112 West 38St. NY,Ted Snyder Co. Music Publishers,,1909,Front Cover: A mand and A woman looking at each other flritiously,,
87,Book,Sweetheart Days Song,Front Cover,Back Cover,1,3,Romance,L.W. Heiser,J. Anton Dailey,Detriot and NY,Jerome H. Remick & Co.,,1907,,NOT DOWNLOADED: 1_j-0xhxpHPdnrYoMliz,1_j-0xhxpHPdnrYoMlizmIJyNe9wSY3kf
88,Book,How Do You Do Miss Josephine,Front Cover,Back Cover,1,4,Romance,Junie McCree,Albert Von Tilzer,"1367-9 Broadway, NY",The New York Music Co.,,1909,Front Cover: A picture of Beattie Evans and orange details.,NOT DOWNLOADED: 12mUu12Tw4J8f27Vk0Oo,12mUu12Tw4J8f27Vk0OozaRIjCoUQ5Yyr
89,Book,Cupids I.O.U,Front Cover,Back Cover,1,6,Popular Vocal (piano),Jack Drislane & Alfred Bryan,Geo. W. Meyers,125 W. 37th St. NY,F.B. Haviland Pub. Co. Inc.,,1910,Front Cover: A woman getting a letter handed by a baby angel.,NOT DOWNLOADED: 1pD8_cIe8B2ck6buIKL0,1pD8_cIe8B2ck6buIKL0HwXSNH20a8odH
90,Book,Anona Vocal,Front Cover,Back Cover,1,1,Popular Vocal,Vivian Grey,Vivian Grey,59 Dearborn St. Chicago,"Leo Feist, Inc.",,1903,Front Cover: A woman posing next to a piano.,NOT DOWNLOADED: 1MbTshmw-zEmzcMXrmXo,1MbTshmw-zEmzcMXrmXoyXcF2aavFYn8t
91,Book,"Mandy, How Do You Do",Front Cover,Back Cover,1,2,Popular Vocal,Percy Wenrick,Percy Wenrich,Detriot and NY,Jerome H. Remick & Co.,,1909,Front Cover: A woman posing with a rose looking into the distance.,NOT DOWNLOADED: 1nCq_HjRXA_UHqDSuqg2,1nCq_HjRXA_UHqDSuqg2vCFbUIYRJvi-P
92,Book,My Wife's Gone To The Country! Hurrah! Hurrah!,Front Cover,Back Cover,1,2,Comedy,Geo. Whiting & Irving Berlin,Ted Snyder,112 West 38St. NY,Ted Snyder Co. Inc.,,1909,Front Cover: A man cheering of happiness. The book has orange details.,NOT DOWNLOADED: 1ayyd6Cwnv1t-ncIsKqw,1ayyd6Cwnv1t-ncIsKqwiR_U620irZEhc
93,Book,"Good-Bye 'Sis""",Front Cover,Back Cover,1,4,Historical,Will D. Cobb,Theodore Morse,Broadway 37th St. NY,F.B. Haviland Pub. Co. Inc.,,1904,Front Cover: Patrioit color and two anchors.,NOT DOWNLOADED: 1dGWLkphqs2gkYQFPyg-,1dGWLkphqs2gkYQFPyg-RgHwBLzPlzgqL
94,Book,I'm Just Pinin' For You,Front Cover,Back Cover,1,2,Romance,Harry Williams,Egbert Van Alstyne,Detroit and NY,Jerome H. Remick & Co.,,1910,Front Cover: A picture of a beach during a sunset.,NOT DOWNLOADED: 1m8cgtV4wxsZebR14p8y,1m8cgtV4wxsZebR14p8y3Kg2JtHok71Se
95,Book,One Sweetly Solemn Thought,Front Cover,Back Cover,1,3,Romance,Phoebe Carey,R.S. Ambrose,Broadway & 28th St. NY,De Luxe Music Co.,,1907,Front Cover: A woman sitting alone reflecting.,NOT DOWNLOADED: 1dDUVKHdQu0a8f8Lomvw,1dDUVKHdQu0a8f8Lomvw3palE52LBytI2
96,Book,Lonesome,Front Cover,Back Cover,1,9,Popular Vocal,George Meyers,George Meyers,122 West 36th St. NY,F.A. Mills,,1909,Front Cover: A man sitting alone reflecting.,NOT DOWNLOADED: 1Dxnx6NWhpN517dHZK-f,1Dxnx6NWhpN517dHZK-fCweQbQuvuHP1E
97,Sheet,"You, You, You",Front Cover,Back Cover,1,1,Popular Vocal,Lester C. Riemer,Lester C. Riemer,"Asbury Park, NJ",The Riemer Music Pub. Co.,,1908,,NOT DOWNLOADED: 1-toikgMiiLNE8VsUvtj,1-toikgMiiLNE8VsUvtjf8HfLUAZsK1TI
98,Book,American Artist Edition,Front Cover,Back Cover,1,2,Popular Vocal,J.O.Prochazka,J.O. Prochazka,"Red Bank, NJ",H.K. Allstrom & Co.,,,,NOT DOWNLOADED: 1e7CexC2J00USCwNl6tC,1e7CexC2J00USCwNl6tCTlpc7RxIDjpkL
99,Book,The Merry Widow,Front Cover,Back Cover,1,7,Piano,None,Franz Lehar,37 West 17th St. NY,Chappell & Co. Ltd.,,1908,Front Cover: A man and a woman dancing.,NOT DOWNLOADED: 1MaifpoEDnFFIHsaYxGw,1MaifpoEDnFFIHsaYxGwsvAVNc8sv55FL
100,Book,Just As The Sun Went Down,Front Cover,Back Cover,1,1,Piano,Lyn Udall,Lyn Udall,"Chicago, NY, London",M.Witmark & Sons,,1898,,NOT DOWNLOADED: 1IYLPDALzzGQTxDCoLTo,1IYLPDALzzGQTxDCoLTocXNSQj4sXBivk
101,Book,Watching and Waiting for You Love,Front Cover,Back Cover,1,5,Romance,Vincent P. Bryan,Harry Von Tilzer,42 West 28th St. NY,Harry Von Tilzer,,1902,Front Cover: Flowers framing the title.,NOT DOWNLOADED: 1-16BIo5krc-jvYDGLPB,1-16BIo5krc-jvYDGLPBljFjd1ADY9zEt
102,Book,Choice of Sacred Songs,Front Cover,Back Cover,1,1,Religious,Herry F. Lyte,Seymour Hawthorne,"Chicago, New York, London, Cincinatti",The Church Company,,1909,,NOT DOWNLOADED: 1bqp0s2Iz1lFu5Yzzx1M,1bqp0s2Iz1lFu5Yzzx1MbHeaE_6HPGIdG
103,Book,Are You Sincere,Front Cover,Back Cover,1,3,Popular Vocal,Alfred Bryan,Albert Gumble,Detroit and NY,Jerome H. Remick & Co.,,1908,"Front Cover: A women named ' Adele Ritches"" is posing in the center.",NOT DOWNLOADED: 1IVFLGWqwblmItfgFO5O,1IVFLGWqwblmItfgFO5O17yOlT4-VCqVC
104,Book,New York Hippodrome,Front Cover,Back Cover,1,2,Popular Vocal(piano),Manuel Klein,Manuel Klein,1416 Broadway NY,M.Witmark & Sons,,1911,,NOT DOWNLOADED: 14BIQLuNjGOYD2BzGgmV,14BIQLuNjGOYD2BzGgmVddy0vbXwOEsKx
105,Book,English Songs 3rd Series,Front Cover,Back Cover,1,1,Waltz,F. E. Weatherly M.A.,P. De Faye,35 Union Square. NY,G. Shirmer,,1887,,NOT DOWNLOADED: 1kLFZBzFKWIjtMAzW99_,1kLFZBzFKWIjtMAzW99_eAOj22AV0AgRo
106,Book,I'd Live Or I Would Die For You Song,Front Cover,Back Cover,1,1,Romance,Dave Reed Jr.,Ernest R. Ball,Chicago,M. Witmark & Sons,,1907,,NOT DOWNLOADED: 14vv8eFYTVrwwT_Sk4sW,14vv8eFYTVrwwT_Sk4sWLj7mFEEpX_Aj1
107,Book,If All The Girls In All This World Were Just As Nice As You,Front Cover,Back Cover,1,1,Romance,Arthur J. Goodhart,Fred Fischer,Broadway & 39th St. NY,"Shapiro, Bernstein & Co. Inc.",,1912,,NOT DOWNLOADED: 10BHacLvfgIMWTBMJ1D7,10BHacLvfgIMWTBMJ1D7F665dyE5YpYjP
108,Book,Hiawatha,Front Cover,Back Cover,1,2,Piano,None,Neil Moret,Detroit and NY,Whitney-Warner Pub. Co.,,1901,,NOT DOWNLOADED: 1BgzooeNw0zVrG1nuATg,1BgzooeNw0zVrG1nuATgKsy1EZuxB6bRu
109,Book,Peaceful Henry,Front Cover,Back Cover,1,1,Piano,None,E.H. Kelly,Detroit Michigan,Whitney-Warner Pub. Co.,,1903,,NOT DOWNLOADED: 1oS2FaU6RoWBephMvvM1,1oS2FaU6RoWBephMvvM1EYToTSCnp2bLD
110,Book,Terpsichore,Front Cover,Back Cover,1,1,Waltz,None,Emile Waldteufel,717 Broadway NY,Spear & Dehnhoff,,,,NOT DOWNLOADED: 110-1x2paiNUBP0jU-rw,110-1x2paiNUBP0jU-rw4l3Y1csfRLlKK
111,Book,Popular Vocal Gems,Front Cover,Back Cover,1,1,Popular Vocal,None,Emile Waldteufel,717 Broadway NY,Spear & Dehnhoff,,,,NOT DOWNLOADED: 16XRE3LlhvlbsDAsc3vk,16XRE3LlhvlbsDAsc3vkwJcd-bdq2qEeg
112,Book,Gordon's Popular Edition,Front Cover,Back Cover,1,1,Piano,None,Emile Waldteufel,"Red Bank, NJ",Allstrom & Morford Music,,,,NOT DOWNLOADED: 1gMGYfnlspG8l1hu6buJ,1gMGYfnlspG8l1hu6buJG-1-SyNFDKMwt
113,Book,Charming,Front Cover,Back Cover,1,1,Waltz,None,Emile Waldteufel,,,,,,NOT DOWNLOADED: 1lbAOIozpRkmlkbm9H6E,1lbAOIozpRkmlkbm9H6E39LqMJu5MlbGs
114,Book,Popular Humorous Songs,Front Cover,Back Cover,1,1,Comedy,Felix McGlennon,Felix McGlennon,547 Broadway NY,Wm. A. Pound & Co.,,,,,
115,Book,Lily Of The Valley,Front Cover,Back Cover,1,1,Piano,None,Sidney Smith,,,,,,NOT DOWNLOADED: 1VIToHnwgC6eTm1qFK3L,1VIToHnwgC6eTm1qFK3L4HPHhL7zW79sj
116,Book,It's The Pretty Things You Say,Front Cover,Back Cover,1,2,Popular Vocal,Alfred Bryan,Ted Snyder,112 W. 38th St. NY,Ted Snyder Co.,,1908,Front Cover: A woman sitting in a couch while a man is talking to her.,NOT DOWNLOADED: 1v3pxVpKtSCj-kI1u536,1v3pxVpKtSCj-kI1u536qYdKY1dZ61mCV
117,Book,Will You Forgive If I Forget,Front Cover,Back Cover,1,3,Popular Vocal,Kurt Hirsekorn,G. Selig,152 Lake St. Chicago,American Music Publishing Co.,,1909,Front Cover: A man and a woman taking a stroll at night.,NOT DOWNLOADED: 1Y1v2i9tbRCbyTcAYRlL,1Y1v2i9tbRCbyTcAYRlL0GZTfEAmwvnrv
118,Sheet,Lady Love,Front Cover,Back Cover,1,1,Popular Vocal,Wm. McKienna,Albert Gumble,Detroit and NY,Jerome H. Remick & Co.,,1909,Front Cover: A blonde woman posed in front of a white building.,NOT DOWNLOADED: 1UXdpPAM-t6W2Oi_K1Uy,1UXdpPAM-t6W2Oi_K1UyMNns6d_vA9CGb
119,Book,I'm Going To Do What I Please,Front Cover,Back Cover,1,3,Popular Vocal,Alfred Bryan,Ted Snyder,112 West 38St. NY,Ted Snyder Co.,,1909,,NOT DOWNLOADED: 1reN_s_225RU9h03Mz1h,1reN_s_225RU9h03Mz1hTNH5GveWy6fwX
120,Book,Keep Your Foot On The Soft Pedal,Front Cover,Back Cover,1,2,Popular Vocal,Will Dillion,Harry Von Tilzer,125 W 43rd St. NY,Harry Von Tilzer Music Pub. Co.,,1909,Front Cover: A woman looking to the side.,NOT DOWNLOADED: 1TqD46eQNLIS32k1kPpc,1TqD46eQNLIS32k1kPpcxqXdQocQ7kcwd
121,Book,That Mellow Melody,Front Cover,Back Cover,1,2,Popular Vocal,Sam M. Lewis,George W. Meyers,1367 Broadway NY,Geo. W. Meyer Music Co.,,1912,Front Cover: A picture of a woman in the middle with green details.,NOT DOWNLOADED: 1Ne6M2WpPsYbUdESAhxu,1Ne6M2WpPsYbUdESAhxuKY8iyJAcyfAVA
122,Book,I'll Make A Ring Around Rosie,Front Cover,Back Cover,1,3,Popular Vocal,William Jerome,Jean Schwartz,Detroit and NY,Jerome H. Remick & Co.,,1910,Front Cover: A woman with a ring of flowers around her hips.,NOT DOWNLOADED: 1d33dv4BOSwU6x_OY8ks,1d33dv4BOSwU6x_OY8ks1z1C-ukPYhW6O
123,Book,I Will Be Waiting For You,Front Cover,Back Cover,1,3,Romance,David J. Clark,Wm. T. Francis,Detroit and NY,Jerome H. Remick & Co.,,1908,Front Cover: A man sitting in a park with a circle of a woman's side profile.,NOT DOWNLOADED: 148fVy08ChyzYaWzOgE3,148fVy08ChyzYaWzOgE3n0x5-rcK8gLY2
124,Book,Good Bye Girlie and Remember Me,Front Cover,Back Cover,1,2,Romance,Irving Berlin,Ted Snyder,112 West 38St. NY,Ted Snyder Co.,,1909,Front Cover: A man and a woman hugging surrounded by flowers.,NOT DOWNLOADED: 1kQfuZ1O-ZrtElQxfjaQ,1kQfuZ1O-ZrtElQxfjaQ6kSit4yIsHVR-
125,Book,It Was Your Pleasing Smile,Front Cover,Back Cover,1,2,Romance,Arthur Longbrake,Ed. Edwards,136 N 9th St. NY,The Jos Morris Co.,,1909,Front Cover: Pink tones with a picture of a woman in the top right.,NOT DOWNLOADED: 1jjPXLorUQE4n0vnBhui,1jjPXLorUQE4n0vnBhuihxyPsla5xRZ20
126,Book,Some-Day Sweetheart Some-Day,Front Cover,Back Cover,1,2,Piano,Ed Gardentier,Gus Edwards,1512 Broadway NY,Gus. Edward Music Pub. Co.,,1908,,NOT DOWNLOADED: 16NgA1r-04y801g6idaP,16NgA1r-04y801g6idaPn-pH2LHyAIO8c
127,Book,A Choice Selection of Piano Music,Front Cover,Back Cover,1,1,Piano,None,M. E. Kenney,14th St Sixth Ave. NY,R.A. Saalfield,,1881,,NOT DOWNLOADED: 1FNH2cvGqt9Pn5xOb_Fp,1FNH2cvGqt9Pn5xOb_FpUQuKGOS9UKwcu
128,Book,Music For The Sanctuary,Front Cover,Back Cover,1,1,Religious,None,R. Topliff,1308 Chestnut St. Philadelphia,F.A. North & Co.,,1877,,NOT DOWNLOADED: 1jd6MXfDnGNVBMDntuyh,1jd6MXfDnGNVBMDntuyhdL8Tufp0P79Qr
129,Book,Garden Of Roses,Front Cover,Back Cover,1,1,Piano,William Stjury,Virginia Gabriel,,,,,,NOT DOWNLOADED: 1C-BBZl9TffnR-HdIitu,1C-BBZl9TffnR-HdIitu9LIxsZdqbMzYM
130,Book,Popular Vocal Gems,Front Cover,Back Cover,1,1,Popular Vocal Gems,Alice Hawthorne,Alice Hawthorne,Philadelphia,George M. Vickere,,1897,Front Cover: Yellow details and a woman playing the piano on the left and another dancing on the left.,NOT DOWNLOADED: 1VPmj4QfIIBNK62D9_Mo,1VPmj4QfIIBNK62D9_Momnk0CG1-nb-oW
131,Book,Sweetest Rose Of Junetime,Front Cover,Back Cover,1,1,Popular Vocal,E. S. Phelps,E. S. Phelps,547 Broadway NY,Wm. A. Pound & Co.,,,,NOT DOWNLOADED: 10Z9ppnOF6f1-zIXAN0o,10Z9ppnOF6f1-zIXAN0os9AkWElEmMAMV
132,Book,Gems Of German Songs,Front Cover,Back Cover,1,1,Popular Vocal,Dr. Mackay,Franz Abt,701 Broadway NY,G. Shirmer,,1865,,NOT DOWNLOADED: 11er1n9OjDg3GMp3oEC6,11er1n9OjDg3GMp3oEC6t4EL6MTEQPExJ
133,Book,Dime Series,Front Cover,Back Cover,1,1,Popular Vocal,Donizetti,Donizetti,24 Beekman St. NY,Benj W. Hitchcock,,,,NOT DOWNLOADED: 1WchxEx_UjmTqCj0jW5V,1WchxEx_UjmTqCj0jW5V4X-yb1XlIpm9Q
134,Book,Ruby,Front Cover,Back Cover,1,1,Piano,J.J Lonsdale,Virginia Gabriel,,,,,,NOT DOWNLOADED: 157Qt_gIVsDVS51bFM-w,157Qt_gIVsDVS51bFM-wFWK-IPU53CXWh
135,Book,Chas. T. Ellis New Songs,Front Cover,Back Cover,1,1,Popular Vocal,Chas T. Ellis,Chas T. Ellis,819 Broadway NY,T.B. Harms & Co.,,1886,,NOT DOWNLOADED: 1H0gbJHsK-F7j5R4m-PS,1H0gbJHsK-F7j5R4m-PSfkHroWNs8C6ZR
136,Book,Cricket On The Hearth,Front Cover,Back Cover,1,1,Waltz,James E. Stewart,James E. Stewart,Cincinnati,The Newhall & Evans Music Co.,,1884,,NOT DOWNLOADED: 1UXzII4zTmlx0U0VNZpH,1UXzII4zTmlx0U0VNZpHJDDrxHjONcxvx
137,Book,50 Selected Dianoforte Studies,Front Cover,Back Cover,1,3,Piano,None,Dr. Hans Von Bulow,"Red Bank, NJ",Allstrom & Morford Music,,,,NOT DOWNLOADED: 1z4k_nD9G1vkPlS_atHH,1z4k_nD9G1vkPlS_atHHih9jFSjcnlEcP
138,Book,Caprice Heroique,Front Cover,Back Cover,1,1,Piano,None,Charles Kulling,,,,,,NOT DOWNLOADED: 1T8SOALOp0m1PApVwQtr,1T8SOALOp0m1PApVwQtrjufWugekOH_hY
139,Book,The Butterfly,Front Cover,Back Cover,1,1,Piano,None,Wm. Clifton Daland,13 East 14th St. NY,S.T. Gordon & Son,,1879,,NOT DOWNLOADED: 1nHu1f8k9hSxyfBVIdC2,1nHu1f8k9hSxyfBVIdC2oFUgRyGpalV5w
140,Book,My Own Iona,Front Cover,Back Cover,1,2,Historical,L. Wolfe Gilbert,Anatol Friedland & Carey Morgan,102-104 W. 38th St. NY,Jos. W. Stern & Co.,,1916,Front Cover: Blue details and a woman with a gold and blue head piece.,NOT DOWNLOADED: 1DxbiBN3iyZ01Ae9LebD,1DxbiBN3iyZ01Ae9LebDdPxKHki83D3JY
141,Book,A Girlie Was Just Made To Love,Front Cover,Back Cover,1,3,Popular Vocal,Joe Goodwin,Geo. W. Meyers,Broadway & 37th St. NY,F. B. Haviland Pub. Co.,,1911,Front Cover: Purple colors with a flower frame.,NOT DOWNLOADED: 1DNIQLT2XAtxX5L8ErIC,1DNIQLT2XAtxX5L8ErICD2B64BoX6SEJW
142,Sheet,To The Land Of My Own Romance,Front Cover,Back Cover,1,3,Popular Vocal,Harry B. Smith,Harry B. Smith,,M. Witmark & Sons,,1911,,NOT DOWNLOADED: 1fEiVWLyplQGiTdcN1GK,1fEiVWLyplQGiTdcN1GKNZcUkMP_5F6Pv
143,Book,A Sunrise Song,Front Cover,Back Cover,1,2,Popular Vocal (piano),Henry Van Dyke,W. J. Baltzell,,Oliver Ditson Company,,1909,,NOT DOWNLOADED: 1UhxHzXf0ZXdFMbbFR19,1UhxHzXf0ZXdFMbbFR19mGiZcd_NBdQUS
144,Book,Cluster Of Gems Banjo,Front Cover,Back Cover,1,7,Piano,Ruby Brooks,George Rosey,142 Charing Cross Rd. NY,Brooks & Denton Company,,1897,,NOT DOWNLOADED: 12I-lkOXThjD89FWuNxM,12I-lkOXThjD89FWuNxMboNgL6xN7H3zf
145,Book,The Handicap,Front Cover,Back Cover,1,3,Waltz,Brooks & Denton,George Rosey,45 East 20th St. NY,G. M. Rosenberg,,1895,,NOT DOWNLOADED: 1ImAzfeacEOcZ1Mm_BPi,1ImAzfeacEOcZ1Mm_BPi0JiXgO7pEg49z
146,Book,George Rosey's Famous Compositions,Front Cover,Back Cover,1,7,Piano,None,George Rosey,45 East 20th St. NY,G. M. Rosenberg,,1895,,NOT DOWNLOADED: 1FxMzhqc1CqhlSCQUDvf,1FxMzhqc1CqhlSCQUDvfiFC3StoxR2ntf
147,Book,On The Mill Day Galop,Front Cover,Back Cover,1,1,Piano,Tune Banjo,A.A. Babb,171 Tremont St. Boston,L.B. Gatcomb Co.,,,,NOT DOWNLOADED: 18f3POwD8bjHvWMDQTae,18f3POwD8bjHvWMDQTaexL_41gQ4fCkP_
148,Book,The Beautiful Song Jamie,Front Cover,Back Cover,1,1,Popular Vocal,J. I. Molloy,"J. I, Molloy",New York,,,,,NOT DOWNLOADED: 1SuFXPtKZ4Nvl28crIv4,1SuFXPtKZ4Nvl28crIv4hS6wTa6VX5MRY
149,Book,Ship Ahoy!,Front Cover,Back Cover,1,1,Popular Vocal,George Cooper,Garrison Millard,717 Broadway NY,Spear & Dehnhoff,,1877,,NOT DOWNLOADED: 1et1-Xfj3qv1lwjxb4yc,1et1-Xfj3qv1lwjxb4yc3VGoSnZyLXvDE
150,Book,An April Girl,Front Cover,Back Cover,1,4,Piano,None,J. Remington Fairlamb,,The Century Co.,,1885,,NOT DOWNLOADED: 1nuaJZKLWtmLuCgLhL2y,1nuaJZKLWtmLuCgLhL2yzkm9V8nrGKjGC
151,Sheet,Hiawatha,Front Cover,Back Cover,1,1,Popular Vocal/Waltz,None,Louise V. Gustin,Detroit and NY,Whitney-Warner Pub. Co.,,1900,,NOT DOWNLOADED: 1gINKRUxnSxGnL5aCOup,1gINKRUxnSxGnL5aCOupU7eVrz76zVKs1
152,Book,Come After Breakfast,Front Cover,Back Cover,1,2,Popular Vocal,"James Brymn, James Burries & Chris Smith","James Brymn, James Burries & Chris Smith",102-104 W. 38th St. NY,Jos. W. Stern & Co.,,1909,,NOT DOWNLOADED: 1sw_OMzj7YEJvuPKNkkM,1sw_OMzj7YEJvuPKNkkM9vFeauyZbQGKO
153,Book,Pomp and Circumstance,Front Cover,Back Cover,1,1,Historical,None,Edward Elgar,111-113 West 57th St. NY,Boosey & Co. Ltd.,,1902,,NOT DOWNLOADED: 1WERlyAq8iFtl5-QAIIZ,1WERlyAq8iFtl5-QAIIZYgbR5DJ6GXY5h
154,Book,White Silver Sands,Front Cover,Back Cover,1,1,Popular Vocals,Charles G. Matthews,Charles G. Matthews,1619 Broadway NY,Fellows Music Co.,,1952,Front Cover: A picture of Dave Garner in a suit.,NOT DOWNLOADED: 1VdkNGNj2aWu-IqZVZ9S,1VdkNGNj2aWu-IqZVZ9Sb_AdkK2O4tsSj
155,Book,Lonesome-That's All,Front Cover,Back Cover,1,9,Popular Vocal,Ben J. Brandley & Lee S. Roberts,Ben J. Bradley & Lee S. Roberts,235 South Wabash Ave. Chicago,Forster Music Published Inc.,,1918,,NOT DOWNLOADED: 1b44MW5qHASlXiuQspZH,1b44MW5qHASlXiuQspZHEhHe5nEP8TEU6
156,Book,Over The Hill,Front Cover,Back Cover,1,2,Popular Vocal,Lou Klein,Edgar Allen & Maurie Rubens,Broadway & 47 St. NY,Shapiro Bernstein & Co.,,1921,Front Cover: Landscape with pink clouds and a pink river.,NOT DOWNLOADED: 156J6uxG6dZjqdo1qKQo,156J6uxG6dZjqdo1qKQoBGqnkhCdNVvSd
157,Sheet,The Blue Alsatian Mountains,Front Cover,Back Cover,1,1,Popular Vocal,Claribel,Stephen Adams,,,,,,,
158,Sheet,In Gay Paree,Front Cover,Back Cover,1,1,Piano,None,F. Dk Blon,,Oliver Ditson Company,,1900,,,
159,Book,Songs With Accompniment of Piano and Other Intrusments,Front Cover,Back Cover,1,1,Piano,,,New York,G. Shirmer,,1901,,NOT DOWNLOADED: 1nvC7hSQaX7LGTkFC4LW,1nvC7hSQaX7LGTkFC4LW8VVd26CNL2naG
160,Book,Twelve Days Of Christmas,Front Cover,Back Cover,1,1,Christmas,The Andrew Sisters,Vic Schoen,"RKO Bldg, Radio City, NY",Leeds Music Corporation,,1949,Front Cover: Hot pink color and a picture of 3 women and a man singing on a mic in a studio.,NOT DOWNLOADED: 10LUtV8jhPwqgn18POre,10LUtV8jhPwqgn18POrejyQ1Ku6wwYMM2
161,Book,The Evening Star,Front Cover,Back Cover,1,1,Piano Vocal,Richard Wagner,Richard Wagner,47 West 63rd St. NY,Century Music Publishing Co.,,1944,,NOT DOWNLOADED: 1OB0qVrzHK3mQYxqA3l3,1OB0qVrzHK3mQYxqA3l36xFGX29ASM_aQ
162,Book,C.D. Blake's Standard Composition,Front Cover,Back Cover,1,25,Piano,None,Chas D. Blake,516 Washington St. Boston,"White, Smith & Co. Music Publishers",,1878,,NOT DOWNLOADED: 1m7bxr3RmnnWavoT9IDR,1m7bxr3RmnnWavoT9IDRS_TS_8gvYgxBM
163,Book,Only A Rose,Front Cover,Back Cover,1,6,Popular Vocal(piano),Brian Hooker,Rudolf Friml,1619 Broadway NY,Famous Music Corporation,,1925,,NOT DOWNLOADED: 1JzJPoQ8jDi2_2ui1VmM,1JzJPoQ8jDi2_2ui1VmMhn3ZlD3x6uL_9
164,Book,Invitation to the Dance,Front Cover,Back Cover,1,1,Piano/Waltz,None,C.M Von Weber,231-235 W. 40th St. NY,Century Music Publishing Co.,,1902,Front Cover: Green background with two women playing the piano.,,
165,Book,Polonaise,Front Cover,Back Cover,1,1,Piano,None,Ant. Dvorak,"657 &659 Braod St. Newark, NJ",A.K. De Lemos American Book Sheet,,,,NOT DOWNLOADED: 1Om9D_CZ8ZanEbcmRmSx,1Om9D_CZ8ZanEbcmRmSx4ynBZBsRKip-B
166,Book,O Sole Mio,Front Cover,Back Cover,1,2,Popular Vocal,Lulu M. Hauck,E.di Capua,112-114 West 44th St. NY,F.B. Haviland Pub. Co. Inc.,,1923,,NOT DOWNLOADED: 1Bm6UE0-Otdc6GjCM0-q,1Bm6UE0-Otdc6GjCM0-qBqGFIGzJPLk_f
167,Book,Christine Nilsson's,Front Cover,Back Cover,1,1,Popular Vocal,Largehetto,Handel,"298, 300 Washington St. Boston",White Smith & Co.,,,,NOT DOWNLOADED: 1YRo-eGwAzigg7i12D3e,1YRo-eGwAzigg7i12D3ek8OIErtJC2OVU
168,Book,The Red Mill,Front Cover,Back Cover,1,1,Popular Vocal,Henry Blossom,Victor Herbert,New York,M.Witmark & Sons,,1906,,NOT DOWNLOADED: 12zb6NcFSAlROjDulxfK,12zb6NcFSAlROjDulxfKigmt-wfZjx0Hf
169,Book,Sing Me To Sleep,Front Cover,Back Cover,1,1,Lullaby,Cliftion Bingham,Edwin Greene,26-28 West St. New York,G. Shirmer,,1902,,NOT DOWNLOADED: 1UvpEIzE6bAHtaa8WSTV,1UvpEIzE6bAHtaa8WSTVroUxLxu-nVo6p
170,Book,La Golodrina,Front Cover,Back Cover,1,1,Comedy,Al. Dubin,N. Sarradell,148-150 West 46th St. NY,Jack Mills Incorporation,,1924,,NOT DOWNLOADED: 1hJw_tOZ1RYDuqV2Hcfu,1hJw_tOZ1RYDuqV2HcfuCH-meIdTrWGRK
171,Book,Forgotten,Front Cover,Back Cover,1,1,Piano Vocal,Flora Wulschner,Eugene Cowles,"Boston, Mass.",Oliver Ditson Company,,1894,Front Cover: Flowers and vines framing tha box of secular.,NOT DOWNLOADED: 1lTs00cMqIxF_KMkMN0N,1lTs00cMqIxF_KMkMN0Nw1HEnP1E0mxcT
172,Sheet,Two River Ramble,Front Cover,Back Cover,1,1,Historical,None,None,The Parker Homestead,The Parker Homestead,,2019,An advertisement with three microphones on the cover showcasing a music event at the Parker Homestead,NOT DOWNLOADED: 1f82DpsKeMO90UwZ7vOB,1f82DpsKeMO90UwZ7vOBEmtsyVKxZomNr
173,Sheet,Two River Ramble,Front Cover,Back Cover,1,1,Historical,None,None,The Parker Homestead,The Parker Homestead,,2018,An advertisement showcasing a music for charity event at the Parker Homestead,NOT DOWNLOADED: 1lEIZrmC6DkwlulUtIyD,1lEIZrmC6DkwlulUtIyDmFedBvgyiO_f4
174,Sheet,With You in Eternity,Front Cover,Back Cover,1,1,Popular Vocal,Arthur J. Lamb,Alfred Solman,102-104 West 38th Street New York,Jos. W. Stern & Co.,,,,NOT DOWNLOADED: 1d0R4x515pDBZ73Ky8Jh,1d0R4x515pDBZ73Ky8JhLMNl5Qo1nHtkj
175,Book,June Barcarolle,Front Cover,Back Cover,2,1,Piano,None,Peter Iljitch Tchaikovsky,"Boston, Mass.",Oliver Ditson Company,,1900,Inside of a newspaper.Front Cover: A man playing the violin and an angel whispering in his ear.,,
176,Book,Madrilena,Front Cover,Back Cover,2,8,Piano,None,Paul Wachs,"Boston, Mass.",Oliver Ditson Company,,1902,Inside a magazine. Front Cover: A woman playing a trompted.,,
177,Book,Would You?,Front Cover,Back Cover,2,6,Popular Vocal,J.W. Walsh,Arthur Bergh,"Boston, Mass.",Oliver Ditson Company,,1910,Inside a maganize (Musician).,,
178,Book,La Spagnola,Front Cover,Back Cover,2,8,Popular Vocal,Nathan Haskell Dole,Vincenzo Di Chiara,"Boston, Mass.",Oliver Ditson Company,,1909,Inside a magazine. Front Cover: A group of women playing instruments.,,
179,Book,Goldenrod,Front Cover,Back Cover,2,9,Piano,None,Carl Wilhelm Kern,"Boston, Mass.",Oliver Ditson Company,,1908,Inside a magazine. Front Cover: A man singing and playing the guitar for a woman in a canoa.,,
180,Book,Resignation,Front Cover,Back Cover,2,9,Piano,None,Wilhelm Fink,"Boston, Mass.",Oliver Ditson Company,,1909,Inside a magazine. Front Cover: A group of men playing instruments.,,
181,Book,My Mother Bids Me Bind My Hair!,Front Cover,Back Cover,2,8,Piano,None,Franz Josef Haydn,"Boston, Mass.",Oliver Ditson Company,,1903,"Inside a magazine. Front Cover: A woman singing, while a man playing a piano and another couple listens.",,
182,Book,Eglogue,Front Cover,Back Cover,2,12,Piano,None,F. Liszt,"Boston, Mass.",Oliver Ditson Company,,1903,Inside a magazine. An older man playing the piano.,,
183,Book,When The Heart Is Young,Front Cover,Back Cover,2,8,Piano,None,Carl Wilhelm Kern,"Boston, Mass.",Oliver Ditson Company,,1909,Front Cover: Brown.,,
184,Book,The Mill,Front Cover,Back Cover,2,4,Piano,None,Eugene Carola,"Boston, Mass.",Oliver Ditson Company,,1909,"Front Cover: Orange details, a man and a woman reading a small book.",,
185,Book,Scherzo from SONATA III in C Major,Front Cover,Back Cover,2,8,Piano,None,Ludwig Van Beethoven,"Boston, Mass.",Oliver Ditson Company,,1910,"Front Cover: Three male character playing instruments and holding a banner that says ""To My Valentine"".",,
186,Book,Gay Butterflies,Front Cover,Back Cover,2,6,Piano,None,Louis Gregh,"Boston, Mass.",Oliver Ditson Company,,1900,Front Cover: Three man standing one is playing a guitar.,,
187,Book,Marche Des Troubadours,Front Cover,Back Cover,2,4,Piano,None,Henri Roubier,"Boston, Mass.",Oliver Ditson Company,,1910,Inside a magazine--no cover.,,
188,Sheet,Pearls Of Dew,Front Cover,Back Cover,2,10,Piano,None,Carl Wilhelm Kern,"Boston, Mass.",Oliver Ditson Company,,1908,Front Cover: A woman playing the piano.,,
189,Book,Polonaise In A,Front Cover,Back Cover,2,10,Piano,None,Carl Busch,"Boston, Mass.",Oliver Ditson Company,,1909,VOL.XV,,
190,Book,Valse Aragonaise,Front Cover,Back Cover,2,11,Piano,None,Francis Thome,"Boston, Mass.",Oliver Ditson Company,,1910,,,
191,Book,The Shepherds Pipe,Front Cover,Back Cover,2,10,Piano,None,Louis Gregh,"Boston, Mass.",Oliver Ditson Company,,1895,Front Cover: A man playing an instrument next to a lake.,,
192,Book,The Day Is Ended,Front Cover,Back Cover,2,3,Piano,None,J.C. Bartlett,"Boston, Mass.",Oliver Ditson Company,,1898,Front Cover: A woman dancing infront of a group artist playing their instrument.,,
193,Sheet,Valse Ballet,Front Cover,Back Cover,2,5,Piano,None,F.G. Rathbun,1712 Chestnut St. Philadelphia,Theo Presser Co.,,1903,"Missing Cover ""The Etude"".",,
194,Book,Cherry Blossoms,Front Cover,Back Cover,2,11,Piano,None,H. Engelmann,1712 Chestnut St. Philadelphia,Theodore Presser Co.,,1904,Front Cover: Green details. The Etude with a woman sitting.,,
195,Book,Valse Caprice,Front Cover,Back Cover,2,11,Piano,None,F.G. Rathbun,1712 Chestnut St. Philadelphia,Theodore Presser Co.,,1903,"Missing Cover ""The Etude"".",,
196,Sheet,Hungarian Dance,Front Cover,Back Cover,2,11,Piano,None,I. Philipp,1712 Chestnut St. Philadelphia,Theodore Presser Co.,,1905,"Missing Cover ""The Etude"". A man and a child writing together.",,
197,Book,Andante Espressivo,Front Cover,Back Cover,2,9,Piano,None,Ferdinand,1712 Chestnut St. Philadelphia,Theodore Presser Co.,,1906,"Missing Cover ""The Etude""",,
198,Book,Ariel,Front Cover,Back Cover,2,11,Piano,None,Carl Wilhelm Kern,1712 Chestnut St. Philadelphia,Theodore Presser Co.,,1906,"Missing Cover ""The Etude""",,
199,Sheet,Calm Of The Sea,Front Cover,Back Cover,2,11,Romance,None,Theodore Lack,1712 Chestnut St. Philadelphia,Theodore Presser Co.,,1905,"Front Cover: ""The Etude for all Music Lovers"". A man staring at a woman will she is playing the piano.",,
200,Book,Canzonetta,Front Cover,Back Cover,2,9,Piano,None,Edouard Schutt,1712 Chestnut St. Philadelphia,Theodore Presser Co.,,1906,"Missing Cover ""The Etude""",,
201,Book,Carnations,Front Cover,Back Cover,2,9,Religious/Piano,None,J. Truman Wolcott,1712 Chestnut St. Philadelphia,Theodore Presser Co.,,1906,"Missing Cover ""The Etude""",,
202,Book,Fairy Fingers,Front Cover,Back Cover,2,6,Piano,None,Paul Wachs,1712 Chestnut St. Philadelphia,Theodore Presser Co.,,1906,"Front Cover: ""The Etude"" A man playing an instrument for a woman. Purple colors.",,
203,Book,Mazuka De Concert,Front Cover,Back Cover,2,7,Piano,None,Emile Pessard,1712 Chestnut St. Philadelphia,Theodore Presser Co.,,1906,"Missing Front Cover "" The Etude"".",,
204,Book,Venetian Gondolas,Front Cover,Back Cover,2,11,Piano,None,Paul Wachs,1712 Chestnut St. Philadelphia,Theodore Presser Co.,,1906,"Missing Front Cover "" The Etude"".",,
205,Book,Danse Characterisque,Front Cover,Back Cover,2,8,Piano,None,August Nolck,1712 Chestnut St. Philadelphia,Theodore Presser Co.,,1906,Front Cover: A woman playing the piano standing. Green colors and a flower frame.,,
206,Book,Prelude,Front Cover,Back Cover,2,11,Piano,None,S. Rachmaninoff,1712 Chestnut St. Philadelphia,Theodore Presser Co.,,1906,"Missing Front Cover "" The Etude"".",,
207,Book,Postillon,Front Cover,Back Cover,2,11,Piano,None,Benjamin Godard,1712 Chestnut St. Philadelphia,Theodore Presser Co.,,1906,"Missing Front Cover "" The Etude"".",,
208,Book,The Castanets,Front Cover,Back Cover,2,14,Piano,None,W.L. Bluemenschein,1712 Chestnut St. Philadelphia,Theodore Presser Co.,,1906,"Missing Front Cover "" The Etude"".",,
209,Book,Just In Time,Front Cover,Back Cover,2,12,Piano,None,Nicolo S. Calamara,1712 Chestnut St. Philadelphia,Theodore Presser Co.,,1911,Front Cover: Yellow colors; a woman with blonde hair playing the piano.,,
210,Book,Nocturne In E Flat,Front Cover,Back Cover,2,9,Piano/Religious,None,Adam Geibel,1712 Chestnut St. Philadelphia,Theodore Presser Co.,,1909,Front Cover: A man sitting In a bench in a natural area with a notebook and pen.,,
211,Book,Allegretto,Front Cover,Back Cover,2,4,Piano,None,L.van Beethoven,1712 Chestnut St. Philadelphia,Theodore Presser Co.,,1909,Front Cover: Mozart pictures in the middle framed by red apples.,,
212,Book,First Tarentelle In A Flat,Front Cover,Back Cover,2,15,Piano,None,S. B. Mills,1712 Chestnut St. Philadelphia,Theodore Presser Co.,,1909,"Missing Front Cover "" The Etude"".",,
213,Book,Boat Song,Front Cover,Back Cover,2,17,Piano,None,L.J. Oscar Fontaine,1712 Chestnut St. Philadelphia,Theodore Presser Co.,,1909,Front Cover: Anton Rubinstein picture in the middle framed by apples.,,
214,Sheet,Adoration,Front Cover,Back Cover,2,15,Piano,None,Frank P. Atherton,1712 Chestnut St. Philadelphia,Theodore Presser Co.,,1910,Front Cover: A man asleep in a chair in front of an instrument.,,
215,Sheet,Petite Scene De Ballet,Front Cover,Back Cover,2,10,Piano,None,Edouard Schutt,1712 Chestnut St. Philadelphia,Theodore Presser Co.,,1910,Front Cover: A man playing the piano for a crowd; orange colors.,,
216,Book,Told At Twilight,Front Cover,Back Cover,2,12,Piano,None,Carl Wilhelm Kern,1712 Chestnut St. Philadelphia,Theodore Presser Co.,,1909,"Front Cover Missing ""Etude""",,
217,Book,Vacation Rambles,Front Cover,Back Cover,2,19,Piano,None,Carl Moter,1712 Chestnut St. Philadelphia,Theodore Presser Co.,,1912,Front Cover: Four men each playing a different instrument.,,
218,Book,Across The Footlights,Front Cover,Back Cover,2,17,Piano,None,Ralph Federer,1712 Chestnut St. Philadelphia,Theodore Presser Co.,,1942,Front Cover: A group of military men in a chorus.,,
219,Book,Naiads,Front Cover,Back Cover,2,13,Piano,None,J. Frank Frysinger,1712 Chestnut St. Philadelphia,Theodore Presser Co.,,1910,Front Cover: A man sitting next to a piano looking to the distance.,,
220,Book,Andante and Allegro,Front Cover,Back Cover,2,7,Piano,None,Felix Mendelssohn,New York,Oliver Ditson Company,,1907,"Missing Front Cover "" The Musician"".",,
221,Book,Conestoga,Front Cover,Back Cover,2,15,Piano,None,Adam Geibel,1712 Chestnut St. Philadelphia,Theodore Presser Co.,,1911,"Missing Front Cover ""The Etude"".",,
222,Book,Happy Dreams,Front Cover,Back Cover,2,13,Piano,None,Carl Bonner,1712 Chestnut St. Philadelphia,Theodore Presser Co.,,1911,Front Cover: Brown bag and orange details.,,
223,Book,Marche Militaire,Front Cover,Back Cover,2,20,Piano,None,P. Tschaikowsky,1712 Chestnut St. Philadelphia,Theodore Presser Co.,,1911,Front Cover: A woman playing the piano surrounded by angles singing and admiring.,,
224,Book,Miserere,Front Cover,Back Cover,2,16,Piano,None,G. Verdi,1712 Chestnut St. Philadelphia,Theodore Presser Co.,,1912,Front Cover: A picture of Charles Francois Gounod; red colors.,,
225,Book,Valse Mignon,Front Cover,Back Cover,2,14,Piano,None,Carl. Bohm,1712 Chestnut St. Philadelphia,Theodore Presser Co.,,1912,"Front Cover: ""The Grand Opera Number II"" and three men are presented in front; red colors.",,
226,Book,Vacation Rambles,Front Cover,Back Cover,2,19,Piano,None,Carl Moter,1712 Chestnut St. Philadelphia,Theodore Presser Co.,,1912,Front Cover: Four men each playing a different instrument.,,
227,Sheet,Swanee River Moon,Front Cover,Back Cover,2,1,Waltz,H. Pitman Clarke,H. Pitman Clarke,"Feist Building, 231 West 40th St. NY","Leo Feist, Inc.",,1921,Front Cover: A drawing of a landscape; red,NOT DOWNLOADED: 1NoiZttN7zmYPUh5KVzP,1NoiZttN7zmYPUh5KVzPCrxXVKe0foX-N
228,Book,My Isle of Golden Dreams,Front Cover,Back Cover,2,1,Popular Vocal,Gus Kahn,Walter Blaufuss,Detroit and NY,Jerome H. Remick & Co.,,1919,Front Cover: Two women posed and smiling.,NOT DOWNLOADED: 1ym65Gy-0R8DQHym_w97,1ym65Gy-0R8DQHym_w97a-jcv_wV91KG0
229,Sheet,Roses of Picardy,Front Cover,Back Cover,2,1,Choir,Fred E. Weatherly,Haydn Wood,41 East 34th St. NY,Chappell & Co. Ltd.,,1916,Voice parts on the title page.,NOT DOWNLOADED: 1N-AGIHWOVRw3MzsUGhn,1N-AGIHWOVRw3MzsUGhn8GswI0q5kr_DA
230,Book,Guckert's Chords for the Mandolin,Front Cover,Back Cover,2,1,Mandolin,None,None,,Union Music Co.,,1919,"Front Cover: Mandolin, banjo, and green color.",NOT DOWNLOADED: 1BytpM873vb4gNrRQh5W,1BytpM873vb4gNrRQh5WGfgcgTd6eG_Qz
231,Book,Moonlight and Roses,Front Cover,Back Cover,2,1,Popular Vocal,"Edwin H. Lemare, Ben Black, Neil Moret","Edwin H. Lemare, Ben Black, Neil Moret",San Francisco,Villa Moret Inc.,,1925,,NOT DOWNLOADED: 1PEz2r9KUK4cbWr__GUy,1PEz2r9KUK4cbWr__GUyOOuYOYzamCbUo
232,Book,Moyer's Modern Mandolin Method,Front Cover,Back Cover,2,5,Piano/Waltz,None,A. Pestalozza,231-235 West 40th St. NY,Century Music Publishing Co.,,1909,Front cover is green with a mandolin,NOT DOWNLOADED: 1xFsyAs-_l8N5_MQfsSW,1xFsyAs-_l8N5_MQfsSWHFDVrhIerDCAa
233,Book,"At Dawning ""I Love You""",Front Cover,Back Cover,2,1,Romance,Nelle Richmond Eberhart,Charles Wakefield Cadman,New York,Oliver Ditson Company,,1906,Front Cover: A pretty landscape during sunset framed by flowers.,NOT DOWNLOADED: 1MYyn-Om2tSXmUmPV_7j,1MYyn-Om2tSXmUmPV_7jy0g9Y7vJ8aqXV
234,Book,Martha,Front Cover,Back Cover,2,1,Violin/Piano,None,Sep. Winner,231-235 West 40th St. NY,Century Music Publishing Co.,,1908,Pink and green details.,NOT DOWNLOADED: 1O7pJ7G2mUigQ9eq49cm,1O7pJ7G2mUigQ9eq49cmuLn0k1-Td45OY
235,Book,The Eclipse Self Instructor for Mandolin,Front Cover,Back Cover,2,,Mandolin,None,Paul de Ville,New York,Carl Fischer,,1905,,NOT DOWNLOADED: 12f5TfLjMcc5y1zK-YL8,12f5TfLjMcc5y1zK-YL8Himccsw-lN5EN
236,Book,Arkansas' Calling,Front Cover,Back Cover,2,1,Popular Vocal,Louise Artrip,Louise Artrip,122 N. 12th St. Phila,Jack Howard Publications Inc.,,1950,"Front Cover: ""Hawkshaw Hawkins King Records"".",NOT DOWNLOADED: 1CTzbMFcKIM1lnz_pXqB,1CTzbMFcKIM1lnz_pXqBtKFVppGfp-dM3
237,Sheet,"I Need You, My Darling",Front Cover,Back Cover,2,1,Popular Vocal,Louise Artrip,Freddie Rose,"P.O Box 143 Fort Smith, Arkansas",Artrip-Hendrix-Rose Publications,,1950,Gifted to Mr. and Mrs. Kenneth Parker by the writer for Christmas.,NOT DOWNLOADED: 139EISyGV8PB9yX5NZ-E,139EISyGV8PB9yX5NZ-Ee8dmyEoeGWkNu
238,Sheet,Three O'Clock in the Morning,Front Cover,Back Cover,2,1,Popular Vocal/Dance,Dorothy Terriss,Julian Robledo,"Feist Building, 231 West 40th St. NY","Leo Feist, Inc.",,1922,Front Cover: Couples dancing in a dark room.,NOT DOWNLOADED: 1_3DTM6rnajQBxUqIjXH,1_3DTM6rnajQBxUqIjXHwZ5dhOGSIAteu
239,Sheet,"Seven Songs, Just A-Wearyin' For You",Front Cover,Back Cover,2,1,Popular Vocal,Frank Stanton,Carrie Jacobs-Bond,,Carrie Jacobs-Bond,,1901,,NOT DOWNLOADED: 1QZvIIi41tKSen0p1jwn,1QZvIIi41tKSen0p1jwn_Md8DOed883Ah
240,Sheet,Ah! Sweet Mystery Of Life,Front Cover,Back Cover,2,1,Romance,Rida Johnson Young,Victor Herbert,New York,M. Witmark & Sons,,1910,,NOT DOWNLOADED: 1_WRk0KR_eBwngWMmWwy,1_WRk0KR_eBwngWMmWwy7imKvNJbyXvV3
241,Sheet,Oh How I Miss You Tonight,Front Cover,Back Cover,2,1,Romance,"Benny Davis, Joe Burke & Mark Fisher","Benny Davis, Joe Burke & Mark Fisher",1507 Broadway NY,"Irving Berlin, Inc. Music Publishers",,1910,Front Cover: A woman sitting on a couch and a feature of Davison's Louisville Loons.,NOT DOWNLOADED: 1GMEP4VWPxQOtiG3ZNAn,1GMEP4VWPxQOtiG3ZNAnu_osHjblJvwdB
242,Sheet,Face To Face (2 copies),Front Cover,Back Cover,2,1,Religious,Herbert Johnson,Herbert Johnson,"Boston, Mass. and Utica, NY",The Boston Music Co. and The Waldo Music Co.,,1902,,NOT DOWNLOADED: 1N_rzulJUz52NKnI6k8Q,1N_rzulJUz52NKnI6k8QRYU8jfbLYrMWU
243,Sheet,Carry Me Back to Old Virginny,Front Cover,Back Cover,2,1,Popular Vocal,James Bland,James Bland,"Boston, Mass.",Oliver Ditson Company,,1906,,NOT DOWNLOADED: 1qjzfnlD_W5EIvBL4c7j,1qjzfnlD_W5EIvBL4c7jAs0UEJKSlimOS
244,Sheet,A Dream,Front Cover,Back Cover,2,1,Popular Vocal,Charles B. Cory,J.C. Bartlett,"Boston, Mass.",Oliver Ditson Company,,1895,Front Cover: A woman laying on a book in a yard.,NOT DOWNLOADED: 1AwSklxJIT1zJo8zLeA2,1AwSklxJIT1zJo8zLeA26Pb19tWdTNzN9
245,Sheet,"Charming Songs, Looking Back",Front Cover,Back Cover,2,1,Popular,M. Greenwald,Arthur S. Sullivan,1178 Broadway & 17 West 28th St. NY,Century Music Publishing Co.,,1910,,NOT DOWNLOADED: 1Nq04Ut2fxNQPvM5s53X,1Nq04Ut2fxNQPvM5s53XSH5Rt1TCG5ZjV
246,Book,Front Cover,Front Cover,Back Cover,2,,Mandolin,None,None,223-225 West 46th St. NY,Jos. W. Stern & Co.,,1901,Front Cover: A woman playing a mandolin.,NOT DOWNLOADED: 14e7sH4pmcByhpac0Kin,14e7sH4pmcByhpac0Kinz4PZAhPX8Tkh-
247,Sheet,Roses of Picardy,Front Cover,Back Cover,3,1,Popular Vocal,Fred E. Weatherly,Haydn Wood,41 East 34th St. NY,Chappell & Co. Ltd.,,unknown,,NOT DOWNLOADED: 1nZDRkctVcj48QDXMlAo,1nZDRkctVcj48QDXMlAo3cdEtK1Vl4pzO
248,Sheet,Wabash Moon,Front Cover,Back Cover,3,1,Showtune/Pop,Dave Dreyer,Morton Downey,1607 Broadway NYC,Irving Berlin,,1931,Photo of Morton Downey on the cover.,,
249,Sheet,Just a Little Fond Effection,Front Cover,Back Cover,3,1,Jazz,,"Elton Box, Desmond Cox, Lewis Ilda",1270 Sixth Avenue NYC,Skidmore Music Co.,,1944,"Sole selling agent indicated is Shapiro, Bernstein & Co. Inc.",,
250,Book,By The Beautiful Sea,Front Cover,Back Cover,3,1,Dance Folio,Harold R. Atteridge,Harry Carroll,Broadway & 39th St. NY,"Shapiro, Bernstein & Co. Inc.","Shapiro, Bernstein & Co. Inc.",1914,Front Cover: People dancing near a beach with water. Stanford Four presented.,,
251,Sheet,I Don't Care Who Knows It,Front Cover,Back Cover,3,1,Showtune/Film,Harold Adamson,Jimmy McHugh,799 Seventh Avenue NYC,Twenieth Century Music Corporation,,1944,"From the musical film ""Nob Hill""",,
252,Sheet,"I Can Dream, Can't I?",Front Cover,Back Cover,3,1,Pop,Irving Kahal,Sammy Fain,"RKO Building, Rockefeller Center, NYC",Chappell & Co Inc,,1937,The Andrew Sisters on the front,,
253,Sheet,Red Roses For a Blue Lady,Front Cover,Back Cover,3,1,Easy Listening,Sid Tepper and Roy Brodsky,Side Tepper and Roy Brodsky,"1619 Broadway, New York, NY",Mills Music Inc,,1948,Vaughn Monroe on the cover.,,
254,Sheet,Hold Me,Front Cover,Back Cover,3,1,Pop,Unknown,"Little Jack Little, Dave Oppenheim, Ira Schuster","799 Seventh Avenue, NYC",Robbins Music Corporation,,1933,Ruth Etting on the cover.,,
255,Sheet,The Game of Broken hearts,Front Cover,Back Cover,3,1,Jazz,"Don Larkin, Sally Clark, Eddie McMullen","Don Larkin, Sally Clark, Eddie McMullen","407 Commercial Center Street, Beverly Hills, California","Hill and Range Songs, Inc.",,1949,Red clouds on the cover.,,
256,Sheet,The Glow-Worm,Front Cover,Back Cover,3,1,Classical,Paul Lincke,Paul Lincke,"RCA Building, Radio City, NYC",Edward B. Marks Music Corporation,,1932,Originally in German.,NOT DOWNLOADED: 1-c4urWpSnb6WGTeOVxX,1-c4urWpSnb6WGTeOVxXna7OblW9UHEqo
257,Sheet,Near You,Front Cover,Back Cover,3,1,Piano,Kermit Goell,Francis Craig,"1619 Broadway, New York 19, NY",Supreme Music Corporation,,1947,Performed by Larry Green and his orchestra.,NOT DOWNLOADED: 1IVYcDbt080LgNMW3WGW,1IVYcDbt080LgNMW3WGWJWJHaA12oGaYI
258,Sheet,Little Sir Echo,Front Cover,Back Cover,3,1,Voice/Unknown,Adele Girard and Joe Marsala,Adele Girard and Joe Marsala,"1619 Broadway, New York, NY","Bregman, Vocco, and Conn Inc",J.S. Fearis & Bro,1917 / 1939,Original version was 1917 by Jaura R. Smith and J.S. Fearis,NOT DOWNLOADED: 1hiTVV1O4OEWzclROMKB,1hiTVV1O4OEWzclROMKB_FgCaaCCjD2R6
259,Sheet,The Crazy Otto Rag,Front Cover,Back Cover,3,1,Guitar / Ukulele,"Eddie White, Mack Wolfson, Emil Trent, Fred Lawrence","Eddie White, Mack Wolfson, Emil Trent, Fred Lawrence","1650 Broadway, New York, NY",George Pincus Music Corp,,1955,,NOT DOWNLOADED: 1cG_ZwXLnTSQI4OWmf7o,1cG_ZwXLnTSQI4OWmf7oCFMZTcDrLGSM3
260,Sheet,Tweedlee Dee,Front Cover,Back Cover,3,1,Piano,Winfield Scott,Winfield Scott,"234 West 56th Street, New York, NY",Progressive Music Co. Inc,,1954,Recorded by multiple artists from different recording studios.,NOT DOWNLOADED: 1MdPE-Nfp5hdsEbnqjFM,1MdPE-Nfp5hdsEbnqjFMkVWkI65Z8FO_W
261,Sheet,There's No Tomorrow,Front Cover,Back Cover,3,1,Voice/Unknown,"Al Hoffman, Leo Corday and Leon Carr","Al Hoffman, Leo Corday and Leon Carr","1619 Broadway, New York, NY",Paxton Music Co.,,1949,1,NOT DOWNLOADED: 1GqW9A3nYH3KyHLH9qVG,1GqW9A3nYH3KyHLH9qVGt8IyChBRynH7O
262,Sheet,A Friend of Yours,Front Cover,Back Cover,3,1,Voice / Piano,Johnny Burke,Jimmy Van Heusen,"1619 Broadway, New York, NY",Burke and Van Heusen Inc.,,1944,"Featured in the film ""The Great John L.""",NOT DOWNLOADED: 1p_DYx1WGWMXkAi9CMZj,1p_DYx1WGWMXkAi9CMZjCD_g7CkRVzMlG
263,Sheet,Someday (You'll Want Me to Want You),Front Cover,Back Cover,3,1,"Voice, Guitar, etc.",Jimmy Hodges,Jimmy Hodges,"1619 Broadway, New York, NY",Main Street Songs,,1940 / 1944,Sonny Caroll on the cover.,NOT DOWNLOADED: 1svLiO_52dSgr-Vl-DI7,1svLiO_52dSgr-Vl-DI7WKCvdRrqPSzna
264,Sheet,Cruising Down the River (On a Sunday Afternoon),Front Cover,Back Cover,3,1,Voice / Piano,Eily Beadell and Nell Tollerton,Eily Beadell and Nell Tollerton,"1619 Broadway, New York, NY",Henry Spitzer Music Publishing Co. Inc.,,1945,Featuring Blue Barron and his orchestra.,NOT DOWNLOADED: 1a8ELwDoPiOPp9eA30Ic,1a8ELwDoPiOPp9eA30Ic-ogNoKhAalCJX
265,Sheet,My Baby's Comin' Home,Front Cover,Back Cover,3,1,Voice / Guitar/ Piano,"William G. Leavite, John C. Grady, Sherm Feller","William G. Leavite, John C. Grady, Sherm Feller","58 Cheney Street, Roxbury, MA",Roxbury Music Company,,1952,Featuring Les Paul and Mary Ford on the cover.,NOT DOWNLOADED: 1G1f04kk84cYC5F4jb5p,1G1f04kk84cYC5F4jb5p6NBHojqWfoF96
266,Sheet,Harbor Lights,Front Cover,Back Cover,3,1,Voice/ Piano,Jimmy Kennedy and Hugh Williams,Jimmy Kennedy and Hugh Williams,"Rockefeller Center, NY 20, New York",Chappell & Co Inc,,1937,,NOT DOWNLOADED: 1OBFXzdXXJ_1KPWVxY7r,1OBFXzdXXJ_1KPWVxY7rLLbAEM6Qes-Qe
267,Sheet,Rose O'Day (The Filla-Ga-Dusha Song),Front Cover,Back Cover,3,1,Unknown,Charlie Tobias and Al Lewis,Charlie Tobias and Al Lewis,"140 Riverside Drive, NYC, NY",Tobias and Lewis Music Publishers,,1941,Selling agent: Music Dealers Service Inc.,NOT DOWNLOADED: 1xKv9J9ytKoG3g6OvNyP,1xKv9J9ytKoG3g6OvNyP8fWCp8ABvTNSk
268,Sheet,Melody of Love,Front Cover,Back Cover,3,1,Pop / voice,Tom Glazer,H. Engelmann,"1270 Sixth Ave, New York, NY","Shapiro, Bernstein & Co. Inc.",,1942,Arrangement with Theodore Presser Co.,,
269,Sheet,White Christmas,Front Cover,Back Cover,3,1,Seasonal,Irving Berlin,Irving Berlin,"799 Seventh Ave, New York, NY",Irving Berlin Inc.,,1942,"From ""Holiday Inn""",NOT DOWNLOADED: 1uEAO5w35Xzp0qktyCQZ,1uEAO5w35Xzp0qktyCQZaQGzrOsbjOJfl
270,Book,Helpful Hints for Playing your Magnus Electric Chord Organ,Front Cover,Back Cover,3,14,Instructional,,,"1600 W. Edgar Road (Route 1), Linden, NJ",Magnus Organ Corp,,1966,Various songs by different writers but arranged by Sandford Hertz.,,
271,Book,Organ at Home,Front Cover,Back Cover,3,150?,Organ,Various,Various,"857 Broadway, New York, NY",Oliver Ditson & Co.,,1886?,No specific year for publicantion or address.,NOT DOWNLOADED: 1WJ3UWtk6tWUsIPuJNFe,1WJ3UWtk6tWUsIPuJNFeViEZAc7Y58-W_
272,Book,Organist's Friend and Companion Vol. Two,Front Cover,Back Cover,3,82,Organ,Various,Various (Compiled by Joseph Fischer),,J. Fischer & Bro,,1891,No specified address. Page might be missing.,NOT DOWNLOADED: 1ju1OP7Mxg1OFq9LSqx1,1ju1OP7Mxg1OFq9LSqx1KpNLFvICLnuZN
273,Sheet,The First Easter Morn,Front Cover,Back Cover,3,1,Religious,Charles Wesley,John Prindle Scott,"3 East 43rd Street, New York, NY",G. Schirmer Inc.,,1923,,NOT DOWNLOADED: 1f6xO4S9pcjY9GWssp6e,1f6xO4S9pcjY9GWssp6eMhh6B8_l6hRz9
274,Book,Ocean Grove Good News in Song,Front Cover,Back Cover,3,103,Religious,Various,Various (Compiled by Homer Rodeheaver),"1150 Hyde Park Boulevard, Inglewood, CA","The Rodeheaver, Hall-Mack Company",,1951,,NOT DOWNLOADED: 1AsR0sFNRc0GKSJmLOiA,1AsR0sFNRc0GKSJmLOiAjQsV8IORXmzNq
275,Book,Ocean Grove Favorite Hymns and Choruses,Front Cover,Back Cover,3,109,Religious,Various,Various (Walter D. Eddowes),"1151 E. Hyde Park Boulevard, Inglewood, CA.","The rodeheaver, Hall-Mack Company",,1954,,NOT DOWNLOADED: 1qqtA4tS_hAzp-NVfmXW,1qqtA4tS_hAzp-NVfmXWR0noj95mRpQ95
276,Book,The Organist: A bi-monthly Journal Devoted to The Pipe Organ and Reed Organ,Front Cover,Back Cover,3,39 ?,Instructional Organ,Various,Various (Compiled and Edited by E. L. Ashford),"70 E. 45th Street, New York, NY",Lorenz Publishing Co,,1923,"In very bad shape, no cover around it.",,
277,Sheet,Oh Promise Me,Front Cover,Back Cover,3,1,Piano and Vocal,Clement Scott,Reginald De Koven,"3 E. 43rd Street, New York, NY",G. Schirmer Inc.,,"1889, 1917",Sung by Miss Florence Wickham in Robin Hood,NOT DOWNLOADED: 1Upah9S9QSZEU8BFDolO,1Upah9S9QSZEU8BFDolOaENBTxRgNQeYZ
278,Sheet,Let Us Break Bread Together,Front Cover,Back Cover,3,1,Traditional Negro Spritual,Noah Francis Ryder,,"119 West 40th Street, New York, NY",J. Fischer & Bro,,,,NOT DOWNLOADED: 1yZk7EcdRJyekpsoGZHS,1yZk7EcdRJyekpsoGZHSy_K37HqTei7ov
279,Sheet,Praise Ye The Father,Front Cover,Back Cover,3,1,Religious,,CH Gounod,"159 East 48th Street, New York, NY",The H. W. Gray Co.,,,"No year indicated, might be a part of a book.",NOT DOWNLOADED: 1l0vMZ6Dwm0wDTBdeQ0A,1l0vMZ6Dwm0wDTBdeQ0AfyAjAWSYi7ldC
280,Sheet,"Praise the Lord, O my Soul",Front Cover,Back Cover,3,1,Religous,,Michael Watson,"3 E. 43rd Street, New York, NY",G. Schirmer Inc.,,1891,From G. Schimer Standard Church Music,,
281,Sheet,Twilight and Dawn,Front Cover,Back Cover,3,1,Religous,,Rev. I. Gregory Smith,"3 E. 43rd Street, New York, NY",G. Schirmer Inc.,,1918,From G. Schimer Standard Church Music,NOT DOWNLOADED: 1ESVw8Lu1vyLZLiA953-,1ESVw8Lu1vyLZLiA953-q0B1-Xrkem058
282,Book,Graded Course of Studies for the Piano Forte in Ten Grades,Front Cover,Back Cover,3,40,Instructional Piano,Various,Various (Compiled by W.S.B. Matthews),"1708 Chestnut Street, Philadelphia, PA",Theodore Fresser,,1892,"Almost totally ripped apart, falling apart, not all connected.",,
283,Sheet,Ave Maria,Front Cover,Back Cover,3,1,Classical,,J.S. Bach,"New York 23, NY",Century Music Publishing Co.,,1942,,NOT DOWNLOADED: 1BnGiiiBGzPpxn_lJR33,1BnGiiiBGzPpxn_lJR33Zh-P10VWIdoaf
284,Sheet,Just a Little Spray of Heather Bells,Front Cover,Back Cover,3,1,Pop,Will A. Heelan,Geo. Hamilton,"48 W. 29th Street, New York, NY",F.A. Mills,,1899,From the Sunday World Music Album,NOT DOWNLOADED: 1S7T6s8V_XA4MpshfNCG,1S7T6s8V_XA4MpshfNCGnuLDvkvPfNust
285,Sheet,Simon the Cellarer,Front Cover,Back Cover,3,1,Piano,W. H. Bellamy Esq.,J. L. Hatton,"Red Bank, NJ",H. K. Allstrom,,unknown,There is a handwritten page inside.,NOT DOWNLOADED: 17qV1UcwiCgK329gwEnK,17qV1UcwiCgK329gwEnK0yxUMtauBt2NN
286,Sheet,Larboard Watch,Front Cover,Back Cover,3,1,Piano,T. Willams,T. Willams,"New York, 229 Bowery",E. H. Harding,,unknown,,NOT DOWNLOADED: 16_SDjIb3WoUjvhfoFwd,16_SDjIb3WoUjvhfoFwdT351jMtFdg4E_
287,Sheet,Indiana,Front Cover,Back Cover,3,1,Piano,Ballard Macdonald,James F. Hanley,"224 West 47th Street, NY",Shapiro Bernstein and Co.,,1917,,NOT DOWNLOADED: 1KbEGuLdqeM2X9ozuujz,1KbEGuLdqeM2X9ozuujz2DCDeXrMICliy
288,Sheet,Keep the Home-Fries Burning ('Till the Boys Come Home),Front Cover,Back Cover,3,1,Piano/Vocal,Lena Guilbert Ford,Ivor Novello,"41, East 34th Street, NY",Chappell and Co. Ltd.,,1914-1915,"Back cover features the song ""Waiting (When I Hear the Gate a-Swinging)"" by Reginald Rigby and Leo T. Croke",NOT DOWNLOADED: 1BJswLy-Z6Ttyc90tNv5,1BJswLy-Z6Ttyc90tNv5o0qxJZLsYYJf5
289,Sheet,On the Road to Home Sweet Home,Front Cover,Back Cover,3,1,Piano/Vocal,Gus Kahn,Egbert Van Alstyne,Detroit and New York,Jerome H. Remick and Co.,,1917,2 copies,NOT DOWNLOADED: 1HbfF9HXGVh41kFiZtVZ,1HbfF9HXGVh41kFiZtVZPPvqbl6fo6med
290,Sheet,(There's a Light That's Burning in the Window of) The Little House Upon the Hill,Front Cover,Back Cover,3,1,Piano,"Ballard Macdonald, Joe Goodwin, and Harry Puck","Ballard Macdonald, Joe Goodwin, and Harry Puck","224 West 47th Street, NY",Shapiro Bernstein and Co.,,1915,"Includes an exerpt of ""Floating Down the Mississippi River On My Way to New Orleans"" by Ballard Macdonald and Albert Von Tilzer",NOT DOWNLOADED: 1vjpp8gHG8x5h8pExSaj,1vjpp8gHG8x5h8pExSajhf8oA5pSrYoD0
291,Sheet,"Beauties of Song: A Collection of the Most Popular and Beautiful Songs and Ballads, ""There's a Sigh in the Heart or Far Away""",Front Cover,Back Cover,3,1,Piano/Vocal,Anne Fricker,Anne Fricker,"547 Broadway, NY",WM. A. Pond and Co.,,unknown,,NOT DOWNLOADED: 1PGz2WrENkS-rBCXnbO7,1PGz2WrENkS-rBCXnbO7z5nUo9PytQmy0
292,Sheet,Down Honolulu Way,Front Cover,Back Cover,3,1,Pop,J. E. Dempsey,Earl Burtnett and Joz A. Burke,"New York, NY",Jerome H. Remick and Co.,,1916,Tree on the cover,NOT DOWNLOADED: 1REsg_tvtPcWXXPrGECi,1REsg_tvtPcWXXPrGECiCma1jfNtUGnok
293,Sheet,Cavalier Rustican' Rag,Front Cover,Back Cover,3,1,Ragtime,Harry Williams,Egbert Van Alstyne,"New York, NY",Jerome H. Remick and Co.,,1910,,NOT DOWNLOADED: 19TGqBlgUg6Njt8aeynn,19TGqBlgUg6Njt8aeynnLYsMascqeIYjl
294,Sheet,Over the Top,Front Cover,Back Cover,3,1,Pop,Alfred Bryan,Pete Wendling and Jack Wells,"Strand Theatre Building, New York, NY","Waterson, Berlin, and Snyder Co.",,1917,Military esque cover.,NOT DOWNLOADED: 1cKj7C4uwFpyKfu-FJnz,1cKj7C4uwFpyKfu-FJnzNk4Qmd6imCoYP
295,Sheet,Four Leaf Clover,Front Cover,Back Cover,3,1,Pop,Ella Higginson,C. Whitney Coombs,"New York, NY",G. Schirmer and Co.,,1896,"No picture on cover, just lyrics",,
296,Sheet,If I Were on The Stage,Front Cover,Back Cover,3,1,Pop/Vocal,Henry Blossom,Victor Herbert,"New York, NY",M. Witmark and Sons,,1905,As sung by Fritzi Scheff Comic Opera Compnay,,
297,Sheet,Where the Morning Glories Grow,Front Cover,Back Cover,3,1,Pop,Gus Kahn and Raymond Egan,Richard A. Whiting,"New York, NY",Jerome H. Remick and Co.,,1917,,NOT DOWNLOADED: 1ulAkooERnNNv61ge-Y1,1ulAkooERnNNv61ge-Y1GIIB-qgyqiZzZ
298,Sheet,I'll Say She Does,Front Cover,Back Cover,3,1,Pop,,"Bud DeSylva, Gus Kahn, and Al Jolson","New York, NY",Jerome H. Remick and Co.,,1918,Originally Sung by Al Jolson,NOT DOWNLOADED: 1vloJscKY6r_GPI8Yr-W,1vloJscKY6r_GPI8Yr-WaaiwjzgxtMMed
299,Book,Thirty-Nine Organ Preludes For Pipe or Reed Organs,Front Cover,Back Cover,3,39,Organ,,,"150 Fifth Avenue, New York, NY and 216-218 W. Fifth St., Dayton, Ohio",Lorenz Publishing Co.,,,,NOT DOWNLOADED: 1XV8KIMX51b0gGSnVuKZ,1XV8KIMX51b0gGSnVuKZT1MCqhHRabGYy
300,Book,52 Sacred Songs You Like to Sing,Front Cover,Back Cover,4,52,Religion,Georges Bizet,Georges Bizet,"3 East 43rd Street, New York, New York","G. Schirmer, Inc.",,1939,"There is an advertisement on the back of the bookselling other books from the collection, ""51 Piano Pieces"" etc. (There are two of these, one in better condition)",NOT DOWNLOADED: 1dxe9KkHD0n7hDKBgMj8,1dxe9KkHD0n7hDKBgMj8nVk6_qx6THQy6
301,Book,Learn to Play the Baldwin Organ with the Pointer System,Front Cover,Back Cover,4,15,Various,Thomas Haynes Bayly,Thomas Haynes Bayly,"64 East Second Street, Winona, Minnesota","Pointer System, Inc.",,1955,The book is an instruction manual for someone learning to play the Baldwin Organ using a certain movement of the fingers called the Baldwin System.,NOT DOWNLOADED: 1IMW02w5o-Y_vNGLw3Jc,1IMW02w5o-Y_vNGLw3JcdDgwGZ6FK9vYz
302,Book,Christmas Music for the Magnus Chord Organ,Front Cover,Back Cover,4,26,Christmas,Unknown,Adele Scott,"1600 W. Edgar Road, Linden, NJ",Magnus Organ Corporation,,1958,,,
303,Book,The Ditson Collection of Ten Traditional Carols for Christmas,Front Cover,Back Cover,4,11,Religion/Christmas,John Reading,,Boston,Oliver Ditson Company,,1916,,NOT DOWNLOADED: 18KVXE_yWaXyVFodGIIb,18KVXE_yWaXyVFodGIIbVSgoveg8JN3nr
304,Book,Rodgers & Hammerstein Show Tunes for Baldwin Organs,Front Cover,Back Cover,4,12,,Oscar Hammerstein,Richard Rogers,"606 Fifth Ave New York, New York",Williamson Music Inc.,,1957,"On Page 12 of the song ""If I Loved You"" there are some pencil markings.",NOT DOWNLOADED: 10rxqXKO8wvOJXjzhHvh,10rxqXKO8wvOJXjzhHvh3acReuzW0LC0S
305,Sheet,Gipsy Dance,Front Cover,Back Cover,4,1,Dance/ Piano,Unknown,Heinrich Lichner,"Chicago, Dallas, and Atlanta",American Music Co.,,,The other songs that you can buy from this collection are listed on the front.,NOT DOWNLOADED: 1WNXeh2KyJ1IcCAR7FFQ,1WNXeh2KyJ1IcCAR7FFQdBXjjXLeT3c5x
306,Book,Tschaikowsky Simplified,Front Cover,Back Cover,4,6,Organ,No lyrics,Pyotr Ilyich Tchaikovsky,"119 West 57th Street New York, New York",Ethel Smith Music Corp.,,1949,"There are originally 6 songs in this book, but some of them are missing.",NOT DOWNLOADED: 17eVctygAIg3f0O-Qrnp,17eVctygAIg3f0O-Qrnp3RnUoYpbyRk0H
307,Book,139 Selected Organ Pieces,Front Cover,Back Cover,4,139,Various,No lyrics,"Ludwig van Beethoven, Wolfgang Amadeus Mozart, and more.","1600 Boardway New York City, New York",AMSCO Music Publishing Co Inc.,,1937,The Front Cover is a very bright green with what seems to be a woman playing the organ.,NOT DOWNLOADED: 1Yr8uk1a0Oo6S6UxE49x,1Yr8uk1a0Oo6S6UxE49xoPSQ9elZHk3xT
308,Book,G-Schirmer's Octavo Church Music Christmas Anthems,Front Cover,Back Cover,4,9,Religion/Christmas,Unknown,,"3 East 43rd Street, New York, New York","G. Schirmer, Inc.",,1933,This book has various different Christmas songs some are even translated from German.,NOT DOWNLOADED: 1Oa5-qxDcclWwIg5AzZA,1Oa5-qxDcclWwIg5AzZA7yEl3I_1BY60C
309,Sheet,The Organist's Repertoire (Humoreske),Front Cover,Back Cover,4,1,Organ,No lyrics,Anton Dvorak,"3 East 43rd Street, New York, New York","G. Schirmer, Inc.",,1911,The cover of the sheet has an orange border around it,NOT DOWNLOADED: 1xbwp7-Nm8XIbmB2ZSRu,1xbwp7-Nm8XIbmB2ZSRuwlJGdbwI4AvGf
310,Book,The Organist's Helper No. 3,Front Cover,Back Cover,4,41,Organ,No lyrics,"Ludwig von Beethoven, Wolfgang Amadeus Mozart, Ira B. Wilson","216 W. Fifth Street Dayton, Ohio",Lorenz Publishing Co.,,1916,The price is listed on the cover of the book at $1.00,NOT DOWNLOADED: 1oIy6x8LCb-Tb9htPzjg,1oIy6x8LCb-Tb9htPzjgjVrlokULXk6A6
311,Book,Organ Voluntaries,Front Cover,Back Cover,4,20,Organ,No lyrics,"Wolfgang Amadeus Mozart, Floyd J. St. Clair, E. L Cranmer","528 Elm Street, Cincinnati, Ohio",The Fillmore Bros. Co.,,1918,There are various pencil markings throughout the book.,NOT DOWNLOADED: 1J4VP4B0wYC51eIXuPm2,1J4VP4B0wYC51eIXuPm2BACSseghqfflH
312,Book,Anthems For Christmas And General Use,Front Cover,Back Cover,4,12,"Christmas, Thanksgiving, and General Use","W.A. GoldsWorth, W. Lawrence Curry, John Oxenham, etc.","W.A. GoldsWorth, W. Lawrence Curry, John Oxenham, etc.","159 East 48th Street, New York 17, New York","The H.W. Gray Co., INC.",,1950,"The cover of the book has the songs listed, but broken down into the genres (Christmas, Thanksgiving, etc.)",NOT DOWNLOADED: 1KPSfnLMkhW_bujjtK7u,1KPSfnLMkhW_bujjtK7ucDiCmlTF0fAma
313,Sheet,Gotterdammerung,Front Cover,Back Cover,4,1,Organ,No lyrics,Richard Wagner,,B. Schotts Sohne,,Unknown,The piece of music in particular is German.,NOT DOWNLOADED: 10NXKg1saFJRSQtuf0r8,10NXKg1saFJRSQtuf0r8LsC40vQ-a9yR0
314,Book,Easy Bach for the Beginning Organist,Front Cover,Back Cover,4,7,Organ,No lyrics,J.S. Bach,"Bryn Mawr, Pennslyvania",Theodore Presser Co.,,1959,"Both at the front and the back of the book, there are Multistration Charts",NOT DOWNLOADED: 1SlVOcshNj1qhUs1rzJ0,1SlVOcshNj1qhUs1rzJ0h6ak3FCw_f1S_
315,Book,Everybody's Favorite Selected Organ Solos,Front Cover,Back Cover,4,52,Organ,No lyrics,"J.S. Bach, G.F. Handel, Ludwig von Beethoven, etc.","1600 Boardway New York City, New York",AMSCO Music Publishing Co Inc.,,1940,"This book has various different songs in it, but the books is all unattached.",NOT DOWNLOADED: 1xderpmmn0ntvYNfF9ae,1xderpmmn0ntvYNfF9aen-zOqETFPQAsm
316,Sheet,The Lord's Prayer,Front Cover,Back Cover,4,1,Religious,Albert Hay Malotte,Carl Weinrich,"3 East 43rd Street, New York, New York","G. Schirmer, Inc.",,1935,The cover of this sheet has a picture of people gathering around the Lord.,NOT DOWNLOADED: 1aJ-FTjKVARNjkbYVfif,1aJ-FTjKVARNjkbYVfiftt9yvnOwBgBxP
317,Book,The Chancel Echoes (Book No. 2),Front Cover,Back Cover,4,10,Organ,No lyrics,Theo Bonheru,"63 Berners Street, W, London",Orsborn & Co.,,?,"The cover has the pirce listed as ""One Shilling by Post 14 Stamps""",NOT DOWNLOADED: 1ky0SOR7ZV4Mw2KI7gQG,1ky0SOR7ZV4Mw2KI7gQGO_swulw_9jnak
318,Book,The Chancel Echoes (Book No. 1),Front Cover,Back Cover,4,9,Organ,No lyrics,Jules Therese,"25, Castle Street, Berners Street, W.",Orsborn & Co.,,,,NOT DOWNLOADED: 1YY9qG5gU1s_hMTRhLoH,1YY9qG5gU1s_hMTRhLoHrbD9ST9BiveBM
319,Book,Laus Organ,Front Cover,Back Cover,4,23,Organ,No lyrics,"E.R Kroger, Otto Thomas, Carl Piutti, etc.","1712 Chestnut Street, Philadelphia, Pennsylvania",Theodore Presser Co.,,1907,The cover is a tannish brown and has a reed organ on the top of the page.,NOT DOWNLOADED: 18T97oqlfZxC1aEvn2Lq,18T97oqlfZxC1aEvn2LqClrR6rhKRBAZj
320,Book,Murray's One Hundred Voluntaries,Front Cover,Back Cover,4,100,Organ,No lyrics,"Wolfgang Amadeus Mozart, J. A. Muller, Ludwig von Beethoven, etc.","1712 Chestnut Street, Philadelphia, Pennsylvania",The John Church Company,Theodore Presser Co.,1888,On the bag of the book there are various other books listed for different events; example: wedding and funeral music,NOT DOWNLOADED: 19NOTYR2n2zLfUSgLFCz,19NOTYR2n2zLfUSgLFCztXby5Ou9JnrcS
321,Book,Rink's Organ School,Front Cover,Back Cover,4,194,Organ,No lyrics,W.T. Best,"Boston, Massachusetts",Oliver Ditson & Company,,?,"The book has a stamp on the inside of the cover saying it was bought from Allstrom & Morford in Red Bank, NJ",NOT DOWNLOADED: 1iTy7_HZARoE3KSjIsYe,1iTy7_HZARoE3KSjIsYeTAVTVVVzXgEBt
322,Book,Vox Organ (Vol. 1),Front Cover,Back Cover,4,25,Organ,No lyrics,"Alexandre Guilmant,G.W. Chadwick, I.V. Flagler, etc.","Boston, Massachusetts",J.B. Millet Company,,1895,At the beginning of the book there is a small history about the organ.,NOT DOWNLOADED: 1kvAzys9-VbafwRfvBxK,1kvAzys9-VbafwRfvBxKjHYzhQFl-1dzL
323,Book,Vox Organ (Vol. 2),Front Cover,Back Cover,4,25,Organ,No lyrics,"Dudely Buck, R. Huntington Woodman, Horatio W. Parker, etc.","Boston, Massachusetts",J.B. Millet Company,,1896,The cover of the book is green with gold writing,NOT DOWNLOADED: 14ISzGR-DOm-2v9S3KBD,14ISzGR-DOm-2v9S3KBDiUcp2wBdjxxHr
324,Book,Vox Organ (Vol. 3),Front Cover,Back Cover,4,31,Organ,No lyrics,"Th. Salome, Horatio W. Parkr, J. Frank Donahow, etc.","Boston, Massachusetts",J.B. Millet Company,,1896,The cover of the book is green with gold writing,NOT DOWNLOADED: 1QVd93noeqQVZB7SLm23,1QVd93noeqQVZB7SLm23NT2V-_tC57psw
325,Book,Vox Organ (Vol.4),Front Cover,Back Cover,4,30,Organ,No lyrics,"Horatio W. Parker, Louis Adolphe Coerne, George E. Whiting","Boston, Massachusetts",J.B. Millet Company,,1896,The cover of the book is green with gold writing,NOT DOWNLOADED: 1YKp43OO8vGhyT6fEAvB,1YKp43OO8vGhyT6fEAvBoSXsgBfURSpCM
326,Book,Unknown,Front Cover,Back Cover,4,,Religious,Unknown,"Albert Heinrich, J.S. Bach, W.H. Darley",Unknown,Unknown,,Unknown,The cover for this book is completely gone,NOT DOWNLOADED: 13sT6-pek8vK42Gla-GW,13sT6-pek8vK42Gla-GWW7SPcj6z_kkj2
327,Book,Ceuveres Choisies,Front Cover,Back Cover,5,1,Piano,None,I. J. Paderewski,New York,G. Shirmer,,1899,,,
328,Book,Dance Of The Lilliputians,Front Cover,Back Cover,5,6,Piano,None,Theo Bonheur,,Ch. Sheard & Co.,,1892,Red letters.,,
329,Book,Celebrated Overtures For Piano,Front Cover,Back Cover,5,3,Piano,None,Franz Von Suppe,New York,Carl Fischer,,1915,Blue details.,,
330,Book,A Few Selections,Front Cover,Back Cover,5,3,Piano,None,Ignace J. Padewski,,The University Society Inc.,,1896,Front Cover: A woman wearing a red dress playing the piano and a man holding music sheet.,,
331,Book,A. Glazounow Bacchanal,Front Cover,Back Cover,5,1,Piano,None,William Cooper,New York,G. Shirmer,,1913,,,
332,Sheet,Parsifal,Front Cover,Back Cover,5,5,Piano,None,Richard Wagner,"Boston, Mass.",Oliver Ditson Company,,1904,,,
333,Book,Liebestram,Front Cover,Back Cover,5,1,Piano,None,Franz Liszt,New York,G. Shirmer,,,,,
334,Book,Sonata,Front Cover,Back Cover,5,1,Piano,None,Richard Epstein,New York,G. Shirmer,,1918,,,
335,Sheet,Roses de Boheme,Front Cover,Back Cover,5,1,Piano,None,H. Kowalski,New York,G. Shirmer,,1889,Front Cover: Red color cover.,,
336,Book,Mosaics,Front Cover,Back Cover,5,1,Piano,Dr. W.J. Wetmore,J. Faure,13 East 14th St. NY,S.T. Gordon & Son,,1875,,,
337,Book,Clair de Kune,Front Cover,Back Cover,5,1,Piano,None,Claude Debussy,Philadelphia,Elkan-Vogel Co. Inc.,,1890,,,
338,Book,Movements From Famous Syphonies,Front Cover,Back Cover,5,13,Piano,None,R. Schumann,Chicagp,M.M. Cole Publishing Co.,,1942,Front Cover: Orage colors and a man directing two musicians.,,
339,Book,Carousel,Front Cover,Back Cover,5,1,Showtunes,Oscar Hammerstein,Richard Rodgers,New York,"Williams Music, Inc.",,1945,Front Cover: Three people riding a carousel; pink and green colors.,,
340,Book,Tammy,Front Cover,Back Cover,5,1,Showtunes,Jay Livingston,Ray Evans,119 West 57th St. NY,Northern Music Corporation,,1956,"Front Cover: A picture of Debbie Reynolds, red colors.",,
341,Book,Mighty Lak' A Rose,Front Cover,Back Cover,5,2,Showtunes,Frank L. Stanton,Ethelbert Nevin,,The John Chruch Company,,1901,Red colors.,,
342,Book,Easy to Play Piano,Front Cover,Back Cover,5,5,Showtunes,Oscar Hammerstein,Richard Rodgers,609 Fifth Ave. NY,"Williams Music, Inc.",,1959,Yellow and red colors.,,
343,Book,Martha Wright,Front Cover,Back Cover,5,1,Showtunes,Oscar Hammerstein,Richard Rodgers,610 Fifth Ave. NY,"Williams Music, Inc.",,1959,Front Cover: Red and green details with a guitar in the background.,,
344,Book,Calcutta,Front Cover,Back Cover,5,1,Showtunes,None,Heino Gaze,"1650 Broadway, NY",George Pincus & Sons Music Corp.,,1960,Front Cover: Red colors and a picture of Lawrence Welks.,,
345,Book,The Desert Song,Front Cover,Back Cover,5,3,Showtunes,Oscar Hammerstein,Sigmund Romberg,,Harms Inc.,,1926,Front Cover: Two people riding camels with dark and light blue colors.,,
346,Book,Ah! Sweet Mystery Of Life,Front Cover,Back Cover,5,3,Showtunes,Rida Johnson Young,Victor Herbert,New York,M. Witmark & Sons,,1910,Front Cover: Red color background and picture of a man.,,
347,Book,September Song,Front Cover,Back Cover,5,5,Showtunes,Maxwell Anderson,Kurt Weill,609 Fifth Ave. NY,"Desylva, Brown & Henderson, Inc.",,1938,Front Cover: Solid Orange Color.,,
348,Book,Merry Widow,Front Cover,Back Cover,5,5,Showtunes,None,Franz Lehar,,Academic Music Co.,,1908,Front Cover: A woman holding a rose. She is wearing blue clothing.,,
349,Book,A Trip To Chinatown,Front Cover,Back Cover,5,3,Popular Vocals,Chas. H. Hoyt,Percy Gaunt,18 East 22nd St. NY,T.B. Harms,,1892,,,
350,Book,Roses Song,Front Cover,Back Cover,5,2,Popular Vocals,James A. Mac Elwee,James A. Mac Elwee,"1367-9 Broadway, NY",Chruch Paxson Company,,1910,,,
351,Book,Why Are Roses Red?,Front Cover,Back Cover,5,1,Popular,None,Claude Melnotte,,Kunkel Brothers,,1877,Front Cover: Blue background.,,
352,Book,Only You,Front Cover,Back Cover,5,1,Popular Vocals,Frank D. Pease,Dave Fitzgibbon,53 West 28th St. NY,"Dave Fitzgibbon, Butler Co.",,1901,Front Cover: Blue colors and three roses.,,
353,Book,My Sweet Girl,Front Cover,Back Cover,5,4,Popular Vocals,Hattie Starr,Hattie Starr,54 West 28th St. NY,"Dave Fitzgibbon, Butler Co.",,1901,Front Cover: Pink colors and a woman surrounded by roses.,,
354,Book,Popular Vocal Gems,Front Cover,Back Cover,5,1,Popular Vocals,Arthur Mullin,Pemberton Pierce,,Pemberton Pierce,,1836,"Front Cover: Yellow background, two women framing the prices.",,
355,Book,On The Pillows Of Despair,Front Cover,Back Cover,5,4,Popular Vocals,Arthur J. Lamb,S. R. Hendry,34 East 21st. NY,Jos. W. Stern & Co.,,1904,Front Cover: Red background color and Dainty Irene Franklin's picture in the center.,,
356,Sheet,A Trip To Chinatown,Front Cover,Back Cover,5,2,Popular Vocals,Chas H. Hoyt,Percy Gaunt,"Red Bank, NJ",T. B. Harms & Co.,,1892,Green colors.,,
357,Book,I've Taken Quite A Fancy To You,Front Cover,Back Cover,5,1,Popular Vocals,Harry T. Bunce,Harry Ennis,51 West 29th St. NY,Harry Ennis Music Pub. Co.,,1906,Front Cover: Yellow tones with two big roses.,,
358,Book,Forget Those Word In Anger Spoken,Front Cover,Back Cover,5,1,Popular Vocals,Howard Graham,Charles Graham,,R.A. Saalfield,,1799,Front Cover: Green background with a print and a woman feature in the middle.,,
359,Book,Strolling With Your Summer Girl,Front Cover,Back Cover,5,1,Popular Vocals,Lew P. Bendernagel,Lew P. Bendernagel,New York,Joyce & Bendernagel,,1906,Front Cover: A man and woman walking together in a green background.,,
360,Book,Get A Move On,Front Cover,Back Cover,5,1,Popular Vocals,Maurice Lyons,Maurice Lyons,38 East 21 St. NY,Willis Woodward & Co.,,1902,,,
361,Book,Jumping Jacks Jubilee,Front Cover,Back Cover,5,4,Popular Vocals,Henry V. Neal,Robt A. King,36 West 28th St. NY,Feist Frankenthaler,,1900,Front Cover: Red and Green colors with many toys around.,,
362,Book,Wont't You Be My Sweetheart,Front Cover,Back Cover,5,1,Popular Vocals,Harry Ennis,Harry Ennis,51 W 28th St. NY,Harry Ennis Music Pub. Co.,,1905,"Front Cover: A man and a woman sitting in a rocking chai, pink flowers around.",,
363,Book,On a Sunday Afternoon,Front Cover,Back Cover,5,2,Popular Vocals,Andrew B. Sterling,Harry Von Tilzer,42 West 28th St. NY,Harry Von Tilzer Music Pub. Co.,,1902,,,
364,Book,Roses Bring Dreams Of You,Front Cover,Back Cover,5,1,Popular Vocals,Herbert Ingraham,Herbert Ingraham,Broadway & 9th St. NY,Shapiro Music Publisher,,1908,,,
365,Book,Not Because Your Hair Is Curly,Front Cover,Back Cover,5,2,Popular Vocals,Bob Adams,Bob Adams,,Victor Kreme Co.,,1906,,,
366,Book,Blue Alsatian Mountains,Front Cover,Back Cover,5,1,Popular Vocals,Claribel,Stephen Adams,"Red Bank, NJ",Allstrom & Morford Music,,,,,
367,Book,Up In The Cocoanut Tree,Front Cover,Back Cover,5,5,Popular Vocals,Edward Madden,Theodore F. morse,New York,Howley Haviland Dresser,,1903,Front Cover: Vibrant background of a jungle and Willaim Murray's picture in the middle.,,
368,Book,Bill Bailey Won't You Please--Come Home?,Front Cover,Back Cover,5,5,Popular Vocals,Hughie Cannon,Hughie Cannon,New York,Howley Haviland Dresser,,1903,,,
369,Book,Does Your Heart Beat True To Me Song,Front Cover,Back Cover,5,1,Popular Vocals,Thomas Maxwell,Thomas Maxwell,717 Broadway St. NY,Spear & Dehnhoff,,1881,Front Cover: Black and white and man walking with a woman.,,
370,Book,Music Of Today,Front Cover,Back Cover,5,6,Piano,Bennie Benjamin,George Weiss,New York,"Music Of Today, Inc.",,1958,Front Cover: Purple background.,,
371,Book,Pomp and Circumstance,Front Cover,Back Cover,5,2,Historical/Patriotic,None,Edward Elgar,111-113 West 57th St. NY,Boosey & Co. Ltd.,,1902,,,
372,Book,Popular Marches,Front Cover,Back Cover,5,1,Historical/Patriotic,None,F. Chompin,"41 Union Squared, NY",Richard A. Saalfield,,,,,
373,Book,Good Bless American,Front Cover,Back Cover,5,1,Historical/Patriotic,None,Irving Berlin,799 Seveth Ave. NY,Irving Berlin Inc.,,1939,Front Cover: Pink background and blue letters.,,
374,Book,Popular and Successful Anthems,Front Cover,Back Cover,5,21,Religious,Helen A. Dickinson,Clarence Dickinson,New York,The H. W. Gray Co.,,1926,Blue.,,
375,Book,Songs With Accompaniment of Piano,Front Cover,Back Cover,5,1,Religious,Elizabeth G. Clephane,Edward Campion,New York,G. Shirmer,,1906,,,
376,Sheet,Songs With Accompaniment of Piano,Front Cover,Back Cover,5,1,Religious,Elizabeth G. Clephane,Edward Campion,New York,G. Shirmer,,1906,,,
377,Book,The Messiah,Front Cover,Back Cover,5,3,Religious,,,"Boston, Mass.",Oliver Ditson Company,,,,,
378,Book,The Holy City,Front Cover,Back Cover,5,1,Religious,F.B. Weatherby,Stephen Adams,426 West 55th St. NY,Manhattan Publications,,1944,,,
379,Book,Just For To Day,Front Cover,Back Cover,5,2,Religious,Sybil F. Partridge,Blanche Ebert Seaver,"Cleveland, OH",Sam Fox Pub. Co.,,1926,,,
380,Book,Abe Maria,Front Cover,Back Cover,5,1,Religious,Walter Rolfe,Bach Gounod,47 West 63rd St. NY,Century Music Publishing Co.,,1944,,,
381,Book,The Word's Prayer,Front Cover,Back Cover,5,1,Religious,Albert Hay Malotte,Albert Hay Malotte,New York,G. Shirmer,,1935,,,
382,Book,Favorire Operas For Pianos,Front Cover,Back Cover,5,3,Piano,None,Otto Hackh,New York,G. Shirmer,,1896,,,
383,Book,Die Walkure,Front Cover,Back Cover,5,6,Piano,None,Richard Wagner,"Chicago, NY, London",The John Church Company,,1904,Front Cover: Brown background with red colors.,,
384,Book,Cavalleria Rusticana,Front Cover,Back Cover,5,1,Piano,None,Max Spicker,New York,G. Shirmer,,1899,,,
385,Book,Ther Mosquito Parade,Front Cover,Back Cover,5,1,Piano,None,Howard Whitney,New York,M. Witmark & Sons,,1800,Front Cover: Yellow background and a mosquito army marching.,,
386,Book,Meditation,Front Cover,Back Cover,5,1,Piano,None,C. S. Morrison,"Chicago, NY, London",The John Church Company,,1896,Front Cover: A woman sitting in a garden.,,
387,Book,Inspiration Lancers,Front Cover,Back Cover,5,1,Piano,None,R. Schlepegrell,New York,J. H. Ross,,1879,,,
388,Book,Old Time Dance,Front Cover,Back Cover,5,28,Piano/Waltz,None,,114 West 44th St.,Geo T. Worth & Co. NY,,1930,Front Cover: A man wearing red is kissed a woman wearing green hand.,,
389,Book,Collection of 200 Favorites,Front Cover,Back Cover,5,200,Piano/Waltz,None,Irish Jig,"1658 B'way, NY",Jack Snyder Pub. Co.,,1925,Green background.,,
390,Book,The Star Dance Folio,Front Cover,Back Cover,5,48,Piano/Waltz,None,J. Bodewalt Lampe,Detroit and NY,Jerome H. Remick & Co.,,1910,,,
391,Book,Favorite Collection Famous Waltzes,Front Cover,Back Cover,5,14,Piano/Waltz,Howard Johnson,A. Salami,"799 Seveth Avenue, NY",Robbins Music Corporation,,1932,Front Cover: Red background with blue details and a man feture in the middle.,,
392,Book,The Chas. K. Harris Dance Album,Front Cover,Back Cover,5,10,Piano/Waltz,None,Chas. K. Harris,"31 West 31st Street, NY",Chas. K. Harris Music Publisher,,1905,,,
393,Book,Rachel Galop,Front Cover,Back Cover,5,10,Piano/Waltz,None,E. Kate Simmons,"Boston, Mass.",Oliver Ditson Company,,1878,,,
394,Book,New Waltzers (La Gitana),Front Cover,Back Cover,5,1,Piano/Waltz,None,Ernest Bucalossi,"Boston, Mass.",Oliver Ditson Company,,,,,
395,Book,Brieg,Front Cover,Back Cover,5,5,Piano,None,Edvard Grieg,New York,G. Shirmer,,,,,
396,Book,Hochzeits Adolf,Front Cover,Back Cover,5,1,Piano,None,A. Jenseen,New York,G. Shirmer,,,,,
397,Book,Alla Stella Confidente,Front Cover,Back Cover,5,1,Piano,None,V. Roraudi,New York,G. Shirmer,,1870,,,
398,Book,The Old Mother,Front Cover,Back Cover,5,589,Piano,None,E. Grieg,,,,,,,
399,Sheet,Finlandia,Front Cover,Back Cover,6,1,Choral,No lyrics,Jan Sibelius,"2611 Indiana Avenue, Chicago, Illinois",Moderne Publications,,1940,"The cover of this sheet is black and green, with a picture of a church on the front.",NOT DOWNLOADED: 1iFjV8fWGgHcZ1JjY4pZ,1iFjV8fWGgHcZ1JjY4pZxRLEg3NsO3gvJ
400,Sheet,My Heart At Thy Sweet Voice,Front Cover,Back Cover,6,1,Opera,Kathleen Armour,C. Saint-Saens,"New York, 23, New York",Century Music Publications CO.,,1944,"The cover of the sheet is designed with a blue, elegant border.",NOT DOWNLOADED: 1mjDhUf2IIL_XccwPzZ2,1mjDhUf2IIL_XccwPzZ2vaXa6yCMwq61R
401,Sheet,O Holy Night,Front Cover,Back Cover,6,1,Christmas / Religious,J.S. Dwight,Adolphe Adam,"1658 Broadway, New York, New York",Jack Synder Music Co. Inc.,,1924,The cover of this sheet has an illustration of being coming to meet baby Jesus the night that he was born (Christmas).,NOT DOWNLOADED: 136-IVQaPKsFttDlcpxF,136-IVQaPKsFttDlcpxFYGjKiMncVcAb8
402,Sheet,Serenade,Front Cover,Back Cover,6,1,Easy Listening,Howard Johnson,Franz Schubert,"799 Seventh Avenue, New York, New York",Robbins Music Corporation,,1933,The cover of this sheet has a light blueish-green color flower on it.,NOT DOWNLOADED: 1SestrZdb5gokKPC1PlU,1SestrZdb5gokKPC1PlUNbraK2cC6Za_g
403,Book,Everybody's Favorite Organ Music Selected by Roland Diggle,Front Cover,Back Cover,6,68,Organ,No lyrics,"G. Bizet, F. Mendelssohn, G.F. Handel, etc.","1600 Broadway, New York City, New York",AMSCO Music Sales Co. Inc.,,1939,"The cover of this book is green and black and white, and all of the songs are listed on the front.",NOT DOWNLOADED: 107Qsj9tldo2yBtgrT83,107Qsj9tldo2yBtgrT83DdSPBAUufKw80
404,Book,The Treasure Chest of Famous Waltzes,Front Cover,Back Cover,6,15,Waltzes / Dancing,No lyrics,N,"New York, New York",Treasure Chest Publications,,1943,The front cover of this book is very colorful with 4 couples waltzing together.,NOT DOWNLOADED: 1Ahd05h8lMurPxCajQDa,1Ahd05h8lMurPxCajQDaG4qq1sR2Z-rIF
405,Book,"The Organ Treasury, NO. 2",Front Cover,Back Cover,6,98,Organ,No lyrics,"E.L. Ashford, Charles Vincent, Charles W. Pearce, etc.","216 W. Fifth Street Dayton, Ohio, or 150 Fifth Ave. New York",Lorenz Publishing Co.,,1901,The front cover is pretty plain with emerald green cover with gold writing.,NOT DOWNLOADED: 15J8PePEO0vbhUpN19YN,15J8PePEO0vbhUpN19YNm4948h_B_FRY4
406,Book,"Favorite Organ Voluntaries Series, NO.2",Front Cover,Back Cover,6,15,Organ,No lyrics,"Jacques Offenbach, Anton Rubinstein, Richard Wagner, etc.","216 W. Fifth Street Dayton, Ohio, or 150 Fifth Ave. New York",Lorenz Publishing Co.,,1916,The front cover of this book of this book has the different volumes that are available from this collection.,,
407,Book,Angels In The Garden,Front Cover,Back Cover (Envolope),6,11,Religious / Easter,"Washington Gladden, J. Luke, ST. Theoulph, etc.","Henry Percy Smith, J.S. Bach, Michael Franck, etc.","119 West 40th Street, New York, New York",J. Fischer & Bro.,,1933,"The front and back cover of this book is filled with beautiful bright-colored flowers. Came with envolope it was originally mailed to Julia in. (March 10, 1950)",NOT DOWNLOADED: 1roblR0x0O6oZKO6AEoD,1roblR0x0O6oZKO6AEoDN051fOMTw9N6Y
408,Book,63 Best of the Year,Front Cover,Back Cover,6,63,Organ,"Toni Stern, Neil Diamond, John C. Fogerty, etc.","Carole King, Neil Diamond,Jacob Brackman, Carly Simon, etc.","New York, New York","Screen Gems- Columbia Music, Inc.",,"Range 1917-1971, most in 60's-71",The front cover is brown with the title in a variety of different colors with all of the songs listed on the front.,NOT DOWNLOADED: 10h8jGme8uOwet70mGn4,10h8jGme8uOwet70mGn42IqaP-zbSaru7
409,Book,The Organist,Front Cover,Back Cover,6,Unknown (the book is not intact),Organ,No lyrics,"E.L Ashford, Carl Geissier, J.L. Battmann, etc.","216 W. Fifth Street Dayton, Ohio, or 150 Fifth Ave. New York",Lorenz Publishing Co.,,1909,"The book is no longer intact, so as I cannot find a table of contents, I am not sure what the amount of songs that are supposed to be in the book is. (This has been separated into three)",NOT DOWNLOADED: 1iQbvV0ZSvv4GcUojsoC,1iQbvV0ZSvv4GcUojsoCI23sqCKkVX3-W
410,Book,Smith's Two Hundred Songs For Ukulele,Front Cover,Back Cover,7,200,Ukulele,Unknown,Unknown,"214-216-218 East Street, New York, New York",Wm.J. Smith Music Co. Inc.,,1924,The cover of this book shows a sunset with palm trees in front of it.,NOT DOWNLOADED: 1i3-S3QISmvPHA7rTGB5,1i3-S3QISmvPHA7rTGB5dI_NUpKrWPwZH
411,Book,Eureka Method For The Guitar,Front Cover,Back Cover,7,Unknown,Guitar,"No lyrics, book is by Septimus Winner","Henri Wieniawski, R. Eilenberg, M. Nolan, etc.","Boston, Massachusetts",Oliver Ditson Company,,1919,"This book is more of an instruction manual; it does have some labeled songs in it, but a majority of them are practicing different notes.",NOT DOWNLOADED: 12pn5kT3b1jpW9sVBamI,12pn5kT3b1jpW9sVBamI3DkYSMcT_4VDm
412,Book,C. Fischer's Celebrated Tutors Method for the Guitar (13th Edition),Front Cover,Back Cover,7,5?,Guitar,No lyrics,Paganini & M. Carcassi,"6 & 8 Fourth Ave, New York, New York.",Carl Fischer,,1890,This is also more of an instruction manual and tutorial like book than a book of pure music.,NOT DOWNLOADED: 1w2nFQO7_xaPP_yGzbod,1w2nFQO7_xaPP_yGzbodAge38YrexY7Is
413,Book,Winner's Eureka Method For The Banjo,Front Cover,Back Cover,7,82,Banjo,"J.W. Wheeler, Sep. Winner, S.C. Foster, etc.","H.J. Ballou, Sep. Winner, S.C. Foster, etc.","453 & 463 Washington Street, Boston, Masschusetts",Oliver Ditson Company,,1892,"This book is in pieces, so it is very hard to get a clear idea of how it once was and all that is supposed to be inside.",NOT DOWNLOADED: 1_TYm5Wd9E2KeGCYP3ma,1_TYm5Wd9E2KeGCYP3maXE4UGicmTsZn_
414,Sheet,The Hawaiian Wedding Song (Ke Kali Nei Au),Front Cover,Back Cover,7,1,Wedding / Cultural,AL Hoffman,Charles E. King,"Elmhurst, Long Island, New York",Charles E. King Music Co.,,1926 or 1957,"The price is located on the front cover of the sheet, ""Seventy Five Cents in U.S.A""",NOT DOWNLOADED: 1Nm4Np3m0izBCDG_N-Ix,1Nm4Np3m0izBCDG_N-Ix2w90P-QD72-Wo
415,Book,"National Self Teacher For Hawaiian Ukulele, Banjuke, or Taro Patch Fiddle ( 2 copies)",Front Cover,Back Cover,7,14,Cultural,Foster,Foster,"Chicago, Illinois","Hinds, Hayden & Eldredge, Inc, Publishers",,1919 (Copy 1) & 1922 (Copy 2),"This book is another teaching manual type of book, but it has advertisements on the back cover. Handwritten notes inside one copy.",NOT DOWNLOADED: 10ptnpbAYZLl_Hji88b8,10ptnpbAYZLl_Hji88b8SWRMVv7k5_-IQ
416,Book,National Self Teacher For Hawaiian Guitar,Front Cover,Back Cover,7,29,Guitar / Cultural,Unknown,Unknown,"Chicago, Illinois",Chart Music Publishing House,,1919,This book has a very dark blue cover with black lettering which can make reading the cover of the book particularly difficult.,NOT DOWNLOADED: 1SWSK3da9E8pBNSpnmtU,1SWSK3da9E8pBNSpnmtU6Rs8zlWqIctSr
417,Sheet,Tell Me Baby Do Or Whose Lil' Baby Is You,Front Cover,Back Cover,7,1,Piano,Nathan Bivins,Nathan Bivins,"53 West 28th Street, New York, New York","Dave Fitzgibbon, Butler & Co. N.Y.",,1901,The front cover of the sheet is yellow and purple with a photo of a woman on it.,NOT DOWNLOADED: 1ZOlxMC4bBj9ZUvISHeQ,1ZOlxMC4bBj9ZUvISHeQ7npPXw3HnxygG
418,Book,"The Diapason, A Collection of Sacred Voluntaries for Pipe Organ",Front Cover,Back Cover,7,25,Organ,No Lyrics,"E.L. Ashford, Alonzo Stone, Arthur Berridge, etc.","1123 Broadway, New York, NY, 216 W. Fifth Street, Dayton, Ohio, or 218 S. Wabash Ave, Chicago, Illinois",The Lorenz Publishing Co.,,1903,The cover has pencil markings on it from Lura Smith,NOT DOWNLOADED: 10Lubk0KryRFxGx79d62,10Lubk0KryRFxGx79d62B_dELSpn_KGHY
419,Book,Favorite Duets For Mandolin and Piano,Front Cover,Back Cover,7,12,Piano / Mandolin,No Lyrics,"J.C. Barlett, Carl Bohm, Marius Carman, etc.","Boston, Massachusetts",Oliver Ditson Company,,1906,"The book only has 12 songs, but they have a portion of the book for the piano version and the mandolin version.",NOT DOWNLOADED: 1gSqmY03vIEvMFN50nIw,1gSqmY03vIEvMFN50nIwQo5y-eADaUEYB
420,Book,The Crescendo,Front Cover,Back Cover,7,7,"Mandolin, Guitar, & Banjo",No Lyrics,"Ernest R. Ball, Edwin F. Kendall, H. Engelmann, etc.","Boston, Massachusetts",Crescendo Pub. Co.,,1911,"It is stated on the cover of the book that ""The Crescendo"" is a monthly publication.",NOT DOWNLOADED: 11R5PC-TA07YVS3_6b8t,11R5PC-TA07YVS3_6b8tN9aNQ2cGbMPwc
421,Book,Sing n' Strum Autoharp Song Folio,Front Cover,Back Cover,7,44,Autoharp,"Harry Dacre, Percy Gaunt, C.A. Hoyt, etc.","Harry Dacre, Percy Gaunt, C.A. Hoyt, etc.","New York, New York",WM.J. Smith Music Co. Inc.,,1953,The cover of this book is a vibrant red with white and black lettering on it.,NOT DOWNLOADED: 1L4SLe9H-AsV3Y7mCliI,1L4SLe9H-AsV3Y7mCliIzivg0GfX8tByB
422,Book,Ch. de Beriot Violin School (Part 1),Front Cover,Back Cover,7,Unknown,Violin,No Lyrics,Unknown,"Boston, Massachusetts, New York, New York, or Chicago, Illinois",White-Smith Music Publishing Company,,Unknown,"This book does not have a lot of information, and the 'songs' are mostly exercises and practices.",NOT DOWNLOADED: 1E1VOKso4WVvTA9lxtB1,1E1VOKso4WVvTA9lxtB1hFtHsIXqaYP0X
423,Sheet,"At Dawning ""I Love You""",Front Cover,Back Cover,7,1,Violin,Nelle Richmond Eberhart,Charles Wakefield Cadman,"Boston, Massachusetts",Oliver Ditson Company,,"1906, 1924","This sheet has a light pink and purple cover with flowers and a sunset on it,",NOT DOWNLOADED: 11lRBXx--yP5N1AKZbNb,11lRBXx--yP5N1AKZbNbnMrw2PRS-nU4r
424,Book,The Most Popular Violin Pieces,Front Cover,Back Cover,7,29,Violin,No Lyrics,"George Rosey, Francis Thome, Xavier Scharwenka, etc.","11 Union Square, W. New York City, NY","Hinds, Hayden & Eldredge, Inc, Publishers",,1907,The cover of the book is black with red lettering and a white violin wrapped in sheet music.,NOT DOWNLOADED: 1ieMh4cskYhl5DnGxR7K,1ieMh4cskYhl5DnGxR7K-jTfA83BLCpm2
425,Book,"Carl Fischer's Music Library, F. Hermann Violin School (Vol.1)",Front Cover,Back Cover,7,Unknown,Violin,No Lyrics,Unknown,"Cooper Square New York, NY",Carl Fischer,,1904,There are no clear songs as most of them are exercises and practices.,NOT DOWNLOADED: 1SGE6GzZ1WuHjVO9lwYJ,1SGE6GzZ1WuHjVO9lwYJYROc-WSour3RY
426,Book,Carl Fischer Celebrated Methods,Front Cover,Back Cover,7,26?,Violin,No Lyrics,"Hohmann, Ambrosio, Campagnoli,etc.","New York, New York",Carl Fischer,,1910,The cover of the book is burnt orange color with black lettering,NOT DOWNLOADED: 1h2JtjuaatUg4S5IPjbG,1h2JtjuaatUg4S5IPjbGu5kOY7pnIqnaL
427,Book,The Arkansas Woodchoppers World's Greatest Collection of Cowboy Songs with Yodel Arranagement,Front Cover,Back Cover,7,34,Country / Yodel,The Arkansas Woodchopper,The Arkansas Woodchopper,"Chicago, Illinois",M.M. Cole Publishing House,,1931,"On the back of this book, there are advertisements for other collective books.",NOT DOWNLOADED: 1Qfs1O7NDNmzwr_fWpZj,1Qfs1O7NDNmzwr_fWpZj-cScqVGLEl9V2
428,Book,Guckert's Complete Rapid Diagram Chord Book For The Guitar Without Notes or Teacher,Front Cover,Back Cover,7,Unknown,Guitar,No Lyrics,E.N. Guckert,"925 Homan Ave, Chicago, Illinois",The Homan Publishing House,,Unknown,The entire book is filled with diagrams of various chords of the guitar.,NOT DOWNLOADED: 14xHCZCd97HMcFOcUzyr,14xHCZCd97HMcFOcUzyr1HGWJCldMC_nL
429,Book,The Most Popular Songs For The Guitar,Front Cover,Back Cover,7,94,Guitar,"Francis Scott Key, William D. Hendrickson, Johanna Kinkle, etc.",Louis Tocaben,"New York, New York","Hinds, Hayden & Eldredge, Inc, Publishers",,1909,,NOT DOWNLOADED: 1a722XdBS7xRQR6djmpL,1a722XdBS7xRQR6djmpLKKVn2ZuFVFOp7
430,Sheet,The Musician (incomplete),Front Cover,Back Cover,7,unknown,Piano,,"H. Engelmann, L. Van Beethoven, James M. Fulton, etc.","Boston, Massachutes",Oliver Ditson Company,,1909,"Incomplete, was found seaparated.",NOT DOWNLOADED: 1aZA0_ov5DMvUQtaAZYN,1aZA0_ov5DMvUQtaAZYNfXQkPAipaYxRV
431,Book,Rudiments Of Music,Front Cover,Back Cover,7,unknown,Banjo,,Unknown,Unknown,Unknown,,Unknown,Missing a few pages in the beginning. Educational book. Missing identifiying information.,NOT DOWNLOADED: 1t4NhFckCReV4KUYj8Ch,1t4NhFckCReV4KUYj8ChWVXifL00I-8ar
432,Book,Ashmall's Octavo Edition Sacred Music,Front Cover,Back Cover,7,2,Religious,Caleb Simper,Caleb Simper,New York,Wm. E. Ashmall and Co.,,unknown,2 copies of pages 7-8,NOT DOWNLOADED: 1ADpLHqfEm8Q76NoBZZo,1ADpLHqfEm8Q76NoBZZoPRXOZP7Nhx-oM
433,Book,"Anthems for Mixed Voices, Benedicite in C",Front Cover,Back Cover,7,1,Religious,Arthur F. M. Custance,Arthur F. M. Custance,"Boston, Massachutes",Oliver Ditson Company,,1919,,NOT DOWNLOADED: 18HkUwNiTAmHm4QEgdhT,18HkUwNiTAmHm4QEgdhTtWXa_xIifMjE9
434,Book,"Anthems for Mixed Voices, Te Deum Laudamus in E flat",Front Cover,Back Cover,7,1,Religious,Herbert H. Woodward,Herbert H. Woodward,"Boston, Massachutes",Oliver Ditson Company,,unknown,,NOT DOWNLOADED: 1EXcIAstPZhat1EJfQJn,1EXcIAstPZhat1EJfQJnX_v4133QVhY0_
435,Book,A Sunday School Service for Easter (3 copies),Front Cover,Back Cover,7,5,Religious,Various,Various,"Milwaukee, Wisconsin",The Young Churchman Co.,,"1903, 1907",Songs vary from the 1903 copies and the 1907 copy.,NOT DOWNLOADED: 16ZrwWCLnOqg653ZSc4u,16ZrwWCLnOqg653ZSc4u4u8cj7r1w0-qz
436,Book,Sunday School Service for Christmas,Front Cover,Back Cover,7,5,Religious,VArious,VArious,"Milwaukee, Wisconsin",Morehouse Publishing Co.,,1922?,"Handwriting on the front that says ""Dec. 28, 1922""",NOT DOWNLOADED: 10oq5BHugwtUTrHhrcQl,10oq5BHugwtUTrHhrcQl_Q8I7WGwqJIAX
437,Book,Ocean Grove edition of the Cokesbury Worship Hymnal,Front Cover,Back Cover,8,296?,Religious,"Reginald Heber, Sir Robert Grant, Timothy Dwight,etc.","Rev. John B. Dykes, Francis Joseph Haydn, Andy Williams, etc.",New York or Nashville,Abingdon Press,,1941,The front cover of this book has a picture of a church on it.,NOT DOWNLOADED: 1uDHB5mpLeZupR4f2KY9,1uDHB5mpLeZupR4f2KY9jxGM3r3CjgtTZ
438,Sheet,The Three Graces: 3 Fantasies For the Piano (Faith),Front Cover,Back Cover,8,1,Piano,No Lyrics,Gustav H. Luebert,"35 Union Square, New York, New York",G. Schirmer,,1888,"This is the first listed song on the front cover of the sheet. (Contained in the same book as ""Hope"")",NOT DOWNLOADED: 1KZByvUr-pOpz3k2uWfx,1KZByvUr-pOpz3k2uWfxf8G1R3lUEa0x5
439,Sheet,The Three Graces: 3 Fantasies For the Piano (Hope),Front Cover,Back Cover,8,1,Piano,No Lyrics,Gustav H. Luebert,"35 Union Square, New York, New York",G. Schirmer,,1888,"This is the second listed on the front cover. (Contained in the same book as ""Faith"")",NOT DOWNLOADED: 18xZhl3dItYZFk_M_IQM,18xZhl3dItYZFk_M_IQMo4kuCJ030bG8s
440,Sheet,Standard Gems (Ballade),Front Cover,Back Cover,8,1,Piano,No Lyrics,F. Chopin,"Boston, Massachusetts",Oliver Ditson & Co.,,1884,"There are a variety of songs that are listed on the front cover, but the Ballade is highlighted in what looks like a blue crayon.",,
441,Sheet,Grand March De Concert,Front Cover,Back Cover,8,1,,No Lyrics,H.A. Wollenhaupt,"25 Union Square, New York, New York",WM. A. Pond & Co.,,1880,There is a stamp on the front cover that is from Allstorm & Morfrod Dealers in Music.,,
442,Sheet,Silver Threads Among The Gold,Front Cover,Back Cover,8,1,Piano,No Lyrics,Alfred H. Pease,"13 East 14th Street, New York, New York",C.W. Harris,,1875,The cover of the sheet has a lot of detailed information on it.,,
443,Sheet,Midnight Redowa Fantastique,Front Cover,Back Cover,8,1,,No Lyrics,J.N. Pattison,"547 Broadway, New York, New York",WM. A. Pond & Co.,,1865,"It seems from the stamp on the front cover that this sheet was bought from Red Bank, NJ.",,
444,Sheet,Piano-Forte Album (Valse Styrienne),Front Cover,Back Cover,8,1,Piano,No Lyrics,H.A. Wollenhaupt,"451 Washington Street, Boston, Massachusetts",Oliver Ditson & Co.,,,There is a variety of songs on the front cover of this sheet.,,
445,Sheet,Leaf By Leaf,Front Cover,Back Cover,8,1,,No Lyrics,,,J. Church,,1866,There is very little information on this sheet.,,
446,Sheet,Printemps D'Amour Mazurka,Front Cover,Back Cover,8,1,,No Lyrics,L.M. Gottschalk,New York,Wm. Hall & Son,,1860,The title of this song is in a different language.,,
447,Sheet,La Traviata,Front Cover,Back Cover,8,1,,No Lyrics,Sidney Smith,,,,,There is very little information on this sheet.,,
448,Sheet,Le Dernier Sourire (The Last Smile),Front Cover,Back Cover,8,1,,No Lyrics,H.A. Wollenhaupt,New York,WM. A. Pond & Co.,,1863,The back of this sheet has a bunch of other songs you are able to purchase.,,
449,Sheet,The Whispering Wind,Front Cover,Back Cover,8,1,,No Lyrics,H.A. Wollenhaupt,New York,Anna M. & Adelina R.Wollenhaupt,,1884,The back of this sheet has a bunch of other songs you are able to purchase.,,
450,Sheet,Tarantelle,Front Cover,Back Cover,8,1,Piano,No Lyrics,S.B. Mills,"25 Union Square, New York, New York",WM. A. Pond & Co.,,1863,The title of this song is very big and bold lettering.,,
451,Sheet,Sounds From The Valley,Front Cover,Back Cover,8,1,Piano,No Lyrics,W.F. Sudds,,W.F.,,1863,The copyright information on the bottom of the first page is very faded.,,
452,Sheet,Alice,Front Cover,Back Cover,8,1,Piano,No Lyrics,J. Ascher,,,,,There is very little information on this sheet.,,
453,Sheet,Select Compositions For Piano Forte (Songe d'amour apres le bal),Front Cover,Back Cover,8,1,Piano,No Lyrics,A. Czibulka,"6 Fourth Ave, New York, New York",Carl Fischer,,1890,This piece of sheet music is in very good condition.,,
454,Sheet,Old Folks At Home With Brilliant Variations,Front Cover,Back Cover,8,1,,No Lyrics,J.W. Lerman,"20 East Fourteenth Street, New York, New York",Union Mutual Music & Novelty Co.,,1899,"On the bottom of each page, there is information and small notes.",,
455,Sheet,"Jesu, Jesu, Miserere",Front Cover,Back Cover,8,1,Piano / Religious,Ethelbert Nevin,Ethelbert Nevin,"35 Union Square, New York, New York",G. Schirmer & Annie Paul Nevin,,1890 (Schirmer) & 1918 (Nevin),There are pencil markings throughout this sheet.,NOT DOWNLOADED: 1Z8WcstrgCI6c3weOVAl,1Z8WcstrgCI6c3weOVAlrpTCCNs1Yk4NG
456,Sheet,Goin' Home,Front Cover,Back Cover,8,1,,Williams Arms Fisher,Anton Dvorak,"Boston, Massachusetts",Oliver Ditson Company,,1922,The cover of this sheet has a beautiful blue border with flowers in it.,NOT DOWNLOADED: 1L8nIJWWC-p25R9D5FGg,1L8nIJWWC-p25R9D5FGg41aAcvgD46oKr
457,Sheet,Largo,Front Cover,Back Cover,8,1,Piano,No Lyrics,Anton Dvorak,"231-235 W. 40th St., New York, New York",Century Music Publishing Co.,,1923,The lettering and design of the sheet are in all very dark blue coloring.,NOT DOWNLOADED: 1ViE-gUW3xoqBid9I3YL,1ViE-gUW3xoqBid9I3YLEZkoeNG_O5kip
458,Sheet,Negro Spirituals,Front Cover,Back Cover,8,1,Piano & Vocal,Unknown,Unknown,"New York, Boston, London",Oliver Ditson Company,,1922,Part of what appears to be a set of music arranged by various composers. The actual song provided here is not stated,NOT DOWNLOADED: 1ELkI0lxASS4g6qkx6xW,1ELkI0lxASS4g6qkx6xWGcMdJ5v4CULu4
459,Sheet,All Through The Night,Front Cover,Back Cover,8,1,,,Harry Boulton,,,,,"There is pumpkins and a turkey on this sheet, but also very little information",NOT DOWNLOADED: 1M6udghBRVqguuJrUpXy,1M6udghBRVqguuJrUpXyrqvACyudf2SFU
460,Sheet,The Birth of Morn (Dawn),Front Cover,Back Cover,8,1,,Paul Laurence Dunbar,Franco Leoni,"Melbourne, London, or Sydney",Chappell & Co.,,1907,There is an advertisement for another song on the back of this sheet with the price included.,NOT DOWNLOADED: 1BiJJraZ0ESX9KC8jNej,1BiJJraZ0ESX9KC8jNej1lOsgD33tHWAK
461,Sheet,A Spirit Flower,Front Cover,Back Cover,8,1,Piano,Martin Stanton (English) & Alice Mattulah (German),Campbell- Tipton,"3 East 43rd Street, New York, New York",G. Schirmer,,1908 or 1932,There is Happy Birthday in pen written on the front cover.,NOT DOWNLOADED: 1plC_RQhoOAAfsJCJxOr,1plC_RQhoOAAfsJCJxOr1bRqn3yCw_UlJ
462,Sheet,My Task,Front Cover,Back Cover,8,1,,Maude Louise Ray (1st & 2nd Stanzas) & Rev. S.H. Pickup (3rd Stanza),E.L. Ashford,"1123 Broadway, New York, New York or 218 S. Wabash Ave., Chicago, Illinois",Lorenz Publishing Co.,,1903 or 1913 (3rd Stanza),There is an advertisement for another song on the back.,NOT DOWNLOADED: 1uTrRe1JeA9nMC4dl0ej,1uTrRe1JeA9nMC4dl0ejIt7P6bPFs__Be
463,Sheet,Hold Thou My Hand,Front Cover,Back Cover,8,1,Sacred,C.S. Briggs,C.S. Briggs,"Boston, New York, Leipzig, & London",The B.F. Wood Music Co.,,1954,It is in English and Dutch.,NOT DOWNLOADED: 1-erM7_QZF_R0kA3jwoP,1-erM7_QZF_R0kA3jwoPaQCdRlWUdRsdj
464,Sheet,The Last Song,Front Cover,Back Cover,8,1,,Hartley Alexander,James H. Rogers,"3 East 43rd Street, New York, New York",G. Schirmer,,1922,There is both blue and orange lettering and design on the cover.,NOT DOWNLOADED: 11vtjKB8LccFKv26njXO,11vtjKB8LccFKv26njXO8wwnNTszEoW2N
465,Sheet,Dawn,Front Cover,Back Cover,8,1,,Feril Hess,Pearl G. Curran,Boston or New York,G. Schirmer,,1918,The back has 4 songs that are written by Curran.,NOT DOWNLOADED: 1IdnqTxU324p3ch8fncB,1IdnqTxU324p3ch8fncB1WlijxWjvoMvX
466,Sheet,"Sacred Songs, ""Leave It With Him""",Front Cover,Back Cover,8,1,Sacred,Unknown,James G. Ellis,"208 North Wabash Ave, Chicago, Illinois",T.W. Hatch,,1917,Three songs are listed on the cover.,NOT DOWNLOADED: 1YdmeAX-nCNrIoS-_Ih5,1YdmeAX-nCNrIoS-_Ih5HFr2opnJl8FBU
467,Sheet,Capriccio Brillant,Front Cover,Back Cover,8,1,Piano,No Lyrics,Felix Mendelssohn Bartholdy,,W. Speidel,,,"There is a blue cover, but there is very little information. Inner pages are crumbling. Belonged to Lura L. Smith",NOT DOWNLOADED: 1YiArmV7fqZAiXXoow63,1YiArmV7fqZAiXXoow63bS2B6WOqOJ6zO
468,Sheet,I Love You Truly,Front Cover,Back Cover,8,1,Sacred,Carrie Jacobs- Bond,Carrie Jacobs- Bond,"Boston, Massachusetts",The Boston Music Co.,Carrie Jacobs-Bond & Son,1938,The cover of this sheet is very pretty with pink flowers and a sage green lettering. Handwriting inside that says Lura S. Miller,NOT DOWNLOADED: 1l-I_mV_5m0NauqiNnbk,1l-I_mV_5m0NauqiNnbkq4wsvmTOxSyWQ
469,Sheet,Because,Front Cover,Back Cover,8,1,,Edward Teschemacher,Guy D'Hardelot,"Melbourne, London, or Sydney",Chappell & Co.,,1902,There is an abundance of information given in this sheet.,NOT DOWNLOADED: 1-PP-TViZcKmsyPCVhho,1-PP-TViZcKmsyPCVhho-u1Agy2CdZhqh
470,Sheet,Pomp and Circumstance (Military March),Front Cover,Back Cover,8,1,Piano,No Lyrics,Edgar Elgar,New York,"Boosey & Hawks, Inc.",,1902,There are advertisments on the back of this sheet.,NOT DOWNLOADED: 14g_Wk_bNoSVVjHoGTG8,14g_Wk_bNoSVVjHoGTG8lCFwVCp_ZArVj
471,Sheet,Oh Promise Me,Front Cover,Back Cover,8,1,Piano,Clement Scott,R. De Koven,New York,G. Schirmer,,1889 (Schirmer) & 1917 (Koven),The front has all of the various instruments it can played on as well.,NOT DOWNLOADED: 1R9JbQH9R8Se33vgJbyW,1R9JbQH9R8Se33vgJbyWxp27x-RgIkdjA
472,Sheet,Wedding March & Bridal Chorus,Front Cover,Back Cover,8,2,Ceremonial,No Lyrics,Mendelssohn & R. Wagner,"115 So 10th Street, Philadelphia, Pennsylvania",M.D. Swisher,,,These songs are music for a wedding.,NOT DOWNLOADED: 1X67lSfDrbNJLD2gPOP_,1X67lSfDrbNJLD2gPOP_JtPNWSuv72o9j
473,Sheet,Homing,Front Cover,Back Cover,8,1,Organ,Arthur L. Salmon,Teresa Del Riego,"Melbourne, London, or Sydney",Chappell & Co.,,1917,There is a very cool and detailed advertisement on the back.,NOT DOWNLOADED: 1QBZGJ_x0qhArfBTW5Ia,1QBZGJ_x0qhArfBTW5IaNL4IxXj6ZSKJ8
474,Book,C. Fischer Organ Album,Front Cover,Back Cover,8,27,Organ,No Lyrics,"Edmund Lemaigre, J. Lemmens, Bach- Gounod, etc.","Cooper Square, New York, New York",Carl Fischer,,1904,There is a lot of red detailing on the cover of this book. Handwriting inside by Lura L. Smith Miller,NOT DOWNLOADED: 1zaGtlK7ExZZBiHhcYL9,1zaGtlK7ExZZBiHhcYL93e5cmMO_nldM5
475,Book,The Organist's Treasury,Front Cover,Back Cover,8,34,Organ,No Lyrics,"E. Batiste, H. Deshayes, Arnold Dolmetsch, etc.","35 Union Square, New York, New York",G. Schirmer,,1890,Dark red cover with black letters. Handwriting inside by Lura Smith.,NOT DOWNLOADED: 1OMHo6-tIXZjI-HB_CxV,1OMHo6-tIXZjI-HB_CxV7q3XuBeoY9xyB
476,Book,Modern French Pianoforte Album (Celebrated Music Books),Front Cover,Back Cover,8,24,Piano,No Lyrics,"Ch. Godard, Edouard E. Lemieux, Edouard Batiste, etc.","Boston, New York, Chicago",White-Smith Publishing Company.,,1898,There is dark blue lettering and design.,NOT DOWNLOADED: 1O6lL6ntNyJUEMbXHHTZ,1O6lL6ntNyJUEMbXHHTZSrJvUly9mzAv0
477,Book,The World's Best Piano Pieces (Book 1),Front Cover,Back Cover,8,36,Piano,No Lyrics,"Beethoven, Grieg, Schumann, etc.","1600 Broadway, New York, New York","AMSCO Music Publishing Co., Inc.",,1939,The cover of this book is a bright hot pink with white accents. Belonged to Lura Smith Miller.,NOT DOWNLOADED: 116kgR8hvFZGdfmjKsNh,116kgR8hvFZGdfmjKsNh1yZWzvA6IVtkD
478,Book,Praise and Victory Songs,Front Cover,Back Cover,8,166,Sacred,"Charles Wesley, Rev. Geo Bennard, George O. Webster, etc.","Carl G. Glaser, Rev. Geo Bennard, Chas H. Gabriel, etc.","28 E. Jackson Boulevard, Chicago, Illinois or 721 Arch Street, Philadelphia, Pennsylvania",The Rodheaver Company,Homer A. Rodheaver,1932,The cover is a very dark army green with black lettering.,NOT DOWNLOADED: 1YJXzQPGSTUTPiTD7FaJ,1YJXzQPGSTUTPiTD7FaJ37X5nsTcqkrMI
479,Book,The World's Best Children's Piano Pieces,Front Cover,Back Cover,8,32,Piano,No Lyrics,"Beethoven, Massenet, Strauss, etc.","1600 Broadway, New York, New York","AMSCO Music Publishing Co., Inc.",,1939,The cover of this book is a very bright orange.,NOT DOWNLOADED: 11CvjTv6yS8OkORe5ENx,11CvjTv6yS8OkORe5ENxUOY3kgtJ05fz9
480,Book,Billy Graham Crusade Songs,Front Cover,Back Cover,8,72,,"Fanny J. Crosby, William Williams, T.O. Chisholm,etc.","Mrs. J.F. Knapp, John Hughes, William M. Runyon,etc.","Minneapolis, Minnesota",Cliff Barrows,,1957,"There are various pictures throughout this book. Handwriting on the front cover says ""June 3, 1957""",NOT DOWNLOADED: 1pi82qfjlxm3sXaqabvd,1pi82qfjlxm3sXaqabvdLZy_N0YHpoIJ5
481,Book,Piano Pieces For The Millions,Front Cover,Back Cover,8,76,Piano,No Lyrics,"S.Rachmaninoff, Victor Herbert, R. Schumann, etc.","240 West 55th Street, New York, New York",Ashley Music Supply Company,,1949,The cover is bright blue with sheet music on the front with several people as well.,NOT DOWNLOADED: 17SANFwnseDqeFdWe5cD,17SANFwnseDqeFdWe5cDU0jfQgyxVH5QE
482,Book,Home Songs,Front Cover,Back Cover,8,10,Piano / Organ,"Stephen C. Foster, Woodworth, Sarah Frances Adams, etc.","Stephen C. Foster, J.W. Turner, Dr. Lowell Mason, etc.",,,,,There is no information about the publishing or the copyright.,NOT DOWNLOADED: 1zL8236lv3nUi5Mt9QFf,1zL8236lv3nUi5Mt9QFfT_mGXZ7HZjzcZ
483,Sheet,Deep Purple,Front Cover,Back Cover,8,1,Piano,No Lyrics,Peter De Rose,"799 Seventh Avenue, New York, New York",Robbins Music Corporation,,1934,"The cover of this sheet has two different shades of purple on it. Handwriting on the front cover says ""Lopez"".",NOT DOWNLOADED: 1Ul-Bg8Xz83SPaJX6GQ1,1Ul-Bg8Xz83SPaJX6GQ1vLDz3nOsQQ6EZ
484,Book,Chopin's Music To Remeber,Front Cover,Back Cover,8,14,Piano,No Lyrics,Fredric F. Chopin,"11 East 22nd Street, New York, New York","Edward Schuberth & Co., Inc.",,1945,The cover of this book is a male playing the piano. Belonged to Lura S. Miller.,NOT DOWNLOADED: 1SM7jSdAqmLOaucuC0mD,1SM7jSdAqmLOaucuC0mDzEKLCeaty1iWQ
485,Book?,Etude Music Magazine December 1950,Front Cover,Back Cover,8,17,,"Lowndes Maury, Franz Gruber, Berniece Rose Copeland, etc.","Fredric Chopin, Francisco Buencamino, FR, Schubert, etc.","Philadelphia, Pennsylvania",Theodore Presser Co.,,1950,This is a magazine that contains music.,NOT DOWNLOADED: 1J9Fd0DI3Y4smhAoeuEq,1J9Fd0DI3Y4smhAoeuEqdLaSDuNtYLufp
486,Book,Etude Music Magazine October 1942,Front Cover,Back Cover,8,18,,Various,Various,"1712 Chestnut Street, Philadelphia, Pennsylvania","Theodore Presser Co., Oliver Ditson Company",,1942,,NOT DOWNLOADED: 1cm8uTYPbqcfNBfnfrA5,1cm8uTYPbqcfNBfnfrA5ZDyJ36DWSP3UD
487,Book?,Etude Music Magazine May 1952,Front Cover,Back Cover,8,20,,"Mabel Livingstone, Louise E. Stairs, Louise Christine Rebe, etc.","Abram Chasins, S. Rachmaninoff, W.A. Mozart, etc.","Philadelphia, Pennsylvania",Theodore Presser Co.,,1952,Ignace Jan Paderewski is on the cover of the magazine.,NOT DOWNLOADED: 1Pu8LaC5iKcB7-BTJAJ5,1Pu8LaC5iKcB7-BTJAJ5_O2TTW5ftKqXt
488,Book,The Women's Choir,Front Cover,Back Cover,8,22,Choir,"Lanta Wilson Smith, Mrs. Merrill E. Gates, Mrs. C.B.","E.L. Ashford, Carrie B. Adams, Charles F. Noyes, etc.","70 E. 45th St. New York, New York, 216 W. Fifth Street, Dayton, Ohio, or 218 S. Wabash Ave, Chicago, Illinois",Lorenz Publishing Co.,,1910,The cover of this book has red accents.,NOT DOWNLOADED: 1ZWwjeTidbmii-OOXJWW,1ZWwjeTidbmii-OOXJWWptjQoGq9uXuio
489,Book,"Celebrated Music Books (covered in paper with writing ""Duets Nettie and Lura"")",Front Cover,Back Cover,8,16,Piano,No Lyrics,"Blake, Michaelis, Czerny, etc.","Boston, New York, Chicago",White-Smith Music Publishing Co.,,1894,,NOT DOWNLOADED: 1A7KfbWFvSjmbqAakDfo,1A7KfbWFvSjmbqAakDfofRLRDFqdRyoBt
490,Book?,Etude Music Magazine February 1952,Front Cover,Back Cover,8,18,,"Carolina Folksong, Lysbeth Boyd Borie, Lorraine Walens, etc.","Michael K. Oginski, F. Chopin, Leo Delibes, etc.","Philadelphia, Pennsylvania",Theodore Presser Co.,,1952,"The cover of this edition of the magazine has Artur Schnabel on it. Adressed to M Lopez, 11 Columbus Terr, Weehawken, NJ, Nov '52",NOT DOWNLOADED: 1lgF6TEVJ3zCkK-QeIi-,1lgF6TEVJ3zCkK-QeIi-cJ8230jRE870g
491,Book,The World's Best Music Vol. 7,Front Cover,Back Cover,8,107,,"John Howard Payne, Stephen C. Foster, Edgar Wade Abbot, etc.","Henry R. Bishop, Stephen C. Foster, Grenville D. Wilson,etc.","New York, New York","The University Society, Inc.",,1907,This book has various different pictures throughout it.,NOT DOWNLOADED: 1YIfGc_tepg3npyhdtzK,1YIfGc_tepg3npyhdtzKv9jeFRpiMr2HP
492,Book,The World's Best Music Vol. 8,Front Cover,Back Cover,8,107,,Various,Various,"New York, New York","The University Society, Inc.",,1907,,NOT DOWNLOADED: 1nJox4fZpahZIccfFuzR,1nJox4fZpahZIccfFuzRzPUC0xy-pOZwX
493,Book,Playing Piano For Pleasure (Vol. I),Front Cover,Back Cover,9,67,Piano,"Henry Carey, Francis Scott Key, Stephen Foster, etc.","Henry Carey, J.S. Smith, Stephen Foster, etc.","11 E. 22nd St., New York, New York","Edward Schuberth & Co., Inc.",,1945,The cover of this book is blue and yellow with a piano on it. Compiled and arranged by Samuel Spivak.,NOT DOWNLOADED: 1mFVFIJk07pYjelws6hx,1mFVFIJk07pYjelws6hxirNiTze6n4ytP
494,Book,Frank K. Root & Co. Teachers' Catalog No. 22,Front Cover,Back Cover,9,Unknown,Piano,,"La Valle, Browning, St. Joesph, etc.","1501-1513 E. 55th St., Chicago, Illinois",Frank K. Root & Co.,,,"The cover of this book is very pale pink and has several advertisements throughout, as it is more of a teaching tool.",NOT DOWNLOADED: 1lFvAWa2g4H0_zjaTZsP,1lFvAWa2g4H0_zjaTZsPsS7MVDdmNzzkt
495,Sheet,Carrie,Front Cover,Back Cover,9,1,Waltz,None,J.M. Lander,"73 East Fourth Street, New York, New York",New-York Music Publishing Co.,,1884,"The cover has a lot of designs, but they are all in black and white.",NOT DOWNLOADED: 1jtJ-mAjqYiu8DqwCL4u,1jtJ-mAjqYiu8DqwCL4uF1vP5YIAlbjG4
496,Sheet,Golden Sunset,Front Cover,Back Cover,9,1,Waltz,None,John T. Hall,"New York, New York",John T. Hall & Co.,,1903,"This is a very beautiful cover, but the sheet is in pieces.",NOT DOWNLOADED: 1zlWTISG6xrlOolcZPwK,1zlWTISG6xrlOolcZPwKzAebGbit1M2lA
497,Sheet,Take Me Back To My Own Little Home Sweet Home,Front Cover,Back Cover,9,1,,Harry Verona,Harry Verona,"28th St., NYC, New York",Continental Music Co.,,1905,The cover of this sheet has a house and what seems to be the moon or sun on it.,NOT DOWNLOADED: 147TqHimv7mJ-XgSX7_f,147TqHimv7mJ-XgSX7_f2NDUtZKSpXNrd
498,Sheet,Listen To The Mocking Bird,Front Cover,Back Cover,9,1,,Alice Hawthorne,Alice Hawthorne,"722 Chestnut St. Philadelphia, Pennsylvania",Lee & Walker,,1856,The cover has a little mockingbird on it.,NOT DOWNLOADED: 1wgWFu0R2v9lNFpVRPN1,1wgWFu0R2v9lNFpVRPN1Zo_jb3t7DwWUw
499,Sheet,Bye And Bye You Will Forget Me,Front Cover,Back Cover,9,1,,"Arthur W, French",WM. A. Huntley,,W.F. Shaw,,1880,The cover has both gold and deep blue lettering.,NOT DOWNLOADED: 1KxLFGdIVMHRkN4loKFb,1KxLFGdIVMHRkN4loKFbqowIFKmz2vdzd
500,Sheet,The Little Grey Mother Who Waits All Alone,Front Cover,Back Cover,9,1,March Ballad,Bernard Grossman,Harry De Costa,"10 Witmark Building, New York, New York",M. Witmark & Sons,,1915,The cover has a photo of an older woman in black and white.,NOT DOWNLOADED: 1AWVrhUasR-G3BAcGPn7,1AWVrhUasR-G3BAcGPn7IEnrna3Rm3lu3
501,Sheet,The Elite (Gavotte-Stephanie),Front Cover,Back Cover,9,1,Piano,None,A. Czibulka,"5 & 6 East Washington St., Chicago, Illinois, 516 Washington St., Boston, Massachusetts","White, Smith & Co",,,The title of this piece is underlined in what looks to be a red crayon.,NOT DOWNLOADED: 1qMb3G5J5k-GKfTwOyuu,1qMb3G5J5k-GKfTwOyuuJCsD0QP5sowSB
502,Sheet,Dream Waltz,Front Cover,Back Cover,9,1,Waltz,None,W.C. Powell,"1369 Broadway, New York, New York","Church, Paxson and Company",,1910,The cover of this sheet is a mint green with a couple waltzing on it.,NOT DOWNLOADED: 10GzWENW4w7xnZTQvIrc,10GzWENW4w7xnZTQvIrc-zCWMyq2rswqG
503,Sheet,May Be,Front Cover,Back Cover,9,1,Piano,"Frank Tannehill, Jr.",George Rosey,"34 East 21st St., New York, New York",Jos. W. Stern & Co.,,1901,The cover of this piece looks like it has older photos on it and what looks like a painting.,NOT DOWNLOADED: 1ZRqeSu5p6NzfyCNO3TT,1ZRqeSu5p6NzfyCNO3TTyH1SSjV6yJ1Bc
504,Sheet,Marguerite Waltzes,Front Cover,Back Cover,9,1,Waltz,None,Lester Chas. Reimer,"Asbury Park, New Jersey",Reimer Music Pub. Co.,,1905,The front cover is a very light green with a gold reflective lettering.,NOT DOWNLOADED: 16_8JePfqC4R-3kY_AtX,16_8JePfqC4R-3kY_AtXrVyKUWSaOI1us
505,Sheet,Jolly Fellows Waltz,Front Cover,Back Cover,9,1,Waltz,None,Robert Vollstedt,"136 N. 9th St., Philadelphia, Pennsylvania",Eclipse Publishing Co.,,,The cover has people locked arms and running on the front top.,NOT DOWNLOADED: 1zFg-TSAbJU7eSjublpP,1zFg-TSAbJU7eSjublpPLsX6rWdtZ5Xgd
506,Sheet,While The Convent Bells Were Ringing,Front Cover,Back Cover,9,1,,Robt. F. Roden,Max S. Witt,"34 East 21st St., New York, New York",Jos. W. Stern & Co.,,1901,This cover has various shades of red on it.,NOT DOWNLOADED: 1ZVVgi936TQwsDjF-94i,1ZVVgi936TQwsDjF-94itM2od57H7YOk3
507,Sheet,Thine Alone,Front Cover,Back Cover,9,1,Piano,Henry Blossom,Victor Herbert,"10 Witmark Building, New York, New York",M. Witmark & Sons,,1929,The back of this sheet has all the other songs that are written by Victor Herbert. Belonged to Lura Smith MIller.,NOT DOWNLOADED: 14U41Fk_YMDNJP2u-tNs,14U41Fk_YMDNJP2u-tNsXoTsmMvuxYAAS
508,Sheet,Ten Thousand Years From Now,Front Cover,Back Cover,9,1,,J. Keirn Brennan,Ernest R. Ball,"10 Witmark Building, New York, New York",M. Witmark & Sons,,1923,This sheet is in very good condition.,NOT DOWNLOADED: 1IvlYoWdIVwfCcudUpl0,1IvlYoWdIVwfCcudUpl0V_iFzKdqyC4xq
509,Sheet,A Kiss In The Dark (2 copies),Front Cover,Back Cover,9,1,Piano,B.G. De Silva,Victor Herbert,"62 West 45th Street, New York, New York",HARMS Inc.,,1922,Some of the letters are in red. Belonged to Lura Smith.,NOT DOWNLOADED: 1C8mbW_AW6KJvyFu8OKo,1C8mbW_AW6KJvyFu8OKo1v5i27jJxtCVz
510,Sheet,Love Sends A Little Gift of Roses (2 copies),Front Cover,Back Cover,9,1,Ballad,Leslie Cooke,John Openshaw,"62 West 45th Street, New York, New York",HARMS Inc.,,1919,"One copy belonged to Lura Smith, and the other to Julia Parker.",NOT DOWNLOADED: 1FuqJMtnA-HqKif2LmIq,1FuqJMtnA-HqKif2LmIqgsNQGwmJBzwms
511,Sheet,"Charming Songs, ""When You and I Were Young""",Front Cover,Back Cover,9,1,,Geo. W. Johnson,J.A. Butterfield,"1178 Broadway and 17 West 28th Street, New York, New York",Century Music Publishing Company,,1908,The lettering of this sheet is in a kelly green lettering.,NOT DOWNLOADED: 1uh5a6mm6NhNfKPW6uUq,1uh5a6mm6NhNfKPW6uUqmElxGgo75y_4k
512,Sheet,"Old Time Songs, ""Drink To Me Only With Thine Eyes""",Front Cover,Back Cover,9,1,,Ben Johnson,Ben Johnson,"Boston, Masschusetts",Oliver Ditson Company,,1898,The designs and lettering of this sheet are in an olive green color.,NOT DOWNLOADED: 1nrnYrGukIUTIUuF19bA,1nrnYrGukIUTIUuF19bAzTQo205IejuKr
513,Sheet,If Winter Comes (Summer Will Come Again),Front Cover,Back Cover,9,1,Piano,Reginald Arkell,H.M. Tennent,"185 Madison Ave., NYC, New York","Chappell-Harms, Inc.",,1922,Belonged to Lura Smith.,NOT DOWNLOADED: 1UrcpqiO9bEHf6mXvifX,1UrcpqiO9bEHf6mXvifXAvVisEW5XOz8i
514,Sheet,The World is Waiting for the Sunrise,Front Cover,Back Cover,9,1,,Eugene Lockhart,Ernest Seitz,"185 Madison Ave., NYC, New York","Chappell-Harms, Inc.",,1919,This piece of sheet music is in very good condition. Belonged to Lura Smith.,NOT DOWNLOADED: 1fNoymJ0Bx6oHz76_ray,1fNoymJ0Bx6oHz76_ray9oVMrqYBC_cr1
515,Sheet,Ocean Grove Hymn,Front Cover,Back Cover,9,1,Religious,E.H. Stokes,Frances Porter Ross,"Ocean Grove, New Jersey",Frances Porter Ross Co.,,1923,This is a very local piece of music.,NOT DOWNLOADED: 1GOKZeTZzbeOilmOYtE5,1GOKZeTZzbeOilmOYtE5sJVVXs55X7xTH
516,Sheet,Gray Days,Front Cover,Back Cover,9,1,,Archibald Sullivan,Noel Jonhnson,"185 Madison Ave., NYC, New York","Chappell-Harms, Inc.",,1909,There are advertisements on the back for songs for all singers. Belonged to Lura Smith.,NOT DOWNLOADED: 1Ppp8Uq8nIoKgoSgPgtX,1Ppp8Uq8nIoKgoSgPgtXFVy089BPJgfxS
517,Sheet,A Prayer,Front Cover,Back Cover,9,1,Religious,E.V. Hartford,E.V. Hartford,"Jersey City, New Jersey",Edward V. Hartford,,1920,This piece is wrinkled. Dedicated to the composer's mother.,NOT DOWNLOADED: 1UQRNo06c8M569YLdNGA,1UQRNo06c8M569YLdNGA8PBt5zRlHqN-F
518,Sheet,Our Hero,Front Cover,Back Cover,9,1,March Song,John R. Wolter,John R. Wolter,"Asbury Park, New Jersey",John R. Wolter,,1927,This piece is dedicated to Charles Lindbergh.,NOT DOWNLOADED: 1ic9L_sUFUlcOUgHS_5D,1ic9L_sUFUlcOUgHS_5D0eUBF-MRrlFg7
519,Sheet,The Prayer Perfect,Front Cover,Back Cover,9,1,Religious,James Whitcomb Riley,Ervine J. Stenson,"Cleveland, Ohio",Sam Fox Publishing Co.,,1916,The cover of this sheet has gold lettering and a flower on it.,NOT DOWNLOADED: 1bo8NTD6eO_bloGhqK4q,1bo8NTD6eO_bloGhqK4qiwF0xXMp1xTwW
520,Sheet,Meditation From Thais,Front Cover,Back Cover,9,1,Meditation,None,Frank Graham,"New York, New York",Century Music Publishing Company,,1951,The cover of this sheet is orange with orange vines on it.,NOT DOWNLOADED: 1pLudGkaQnEW0bOlnwlA,1pLudGkaQnEW0bOlnwlAtJwicON7cZym0
521,Sheet,La Traviata,Front Cover,Back Cover,9,1,Piano,None,Verdi-Krug,"New York, New York",Century Music Publishing Company,,1922,The cover of this piece is peach with pillars on it.,NOT DOWNLOADED: 1Z-PYMHEcoXfJkDz2E_v,1Z-PYMHEcoXfJkDz2E_vQF5nVuAkJlf_f
522,Sheet,O Holy Night,Front Cover,Back Cover,9,1,Christmas / Religious,Adolphe Adam,H.P. Hopkins,"New York, New York",Century Music Publishing Company,,1947,"This piece has a little angel, a Christmas tree, and a bow on its cover.",NOT DOWNLOADED: 1ADZJS2lXlTWKn49ghNF,1ADZJS2lXlTWKn49ghNFE6ib5UVPDaZRs
523,Sheet,Sweethearts,Front Cover,Back Cover,9,1,,W.S. Gilbert,A. Sullivan,"516 Washington Street, Boston, Massachusetts","White, Smith & Co",,1879,This cover has a photo of Arthur Sullivan on it.,NOT DOWNLOADED: 1iv9e03-eB63InU_0-jk,1iv9e03-eB63InU_0-jkoP8MgxrC_TbbH
524,Sheet,Little Mother of Mine,Front Cover,Back Cover,9,1,,Walter H. Brown,H.T. Burleigh,"14 East 43rd Street, New York, New York",G. Ricordi & Co.,,1917,All of the information for this piece is right on the front cover.,NOT DOWNLOADED: 13dYrCu28ZOtIB0qSjjU,13dYrCu28ZOtIB0qSjjUL8v0_mp_aPl9s
525,Sheet,In The Gloaming,Front Cover,Back Cover,9,1,,Meta Orred,Annie Fortescue Harrison,"116 South Fourth Street, Philadelphia, Pennsylvania",I.L. Cragin & Co.,,,They put this song under the category gems of music.,NOT DOWNLOADED: 1wGH7An5QGJVVRV8tXyZ,1wGH7An5QGJVVRV8tXyZCuHX7r-dgigcj
526,Sheet,Art Thou In Tears?,Front Cover,Back Cover,9,1,Vocal,Kathleen Mavourneen,Prof. F. Nicholas Crouch,,J.O. von Prochazka,,1892,Missing front cover,NOT DOWNLOADED: 1RJuy0wvxzORNLhYmfMa,1RJuy0wvxzORNLhYmfMaq0oDEvmYxS0ma
527,Sheet,O Loving Heart Trust On,Front Cover,Back Cover,9,1,,Henry C. Watson,L. M. Gottschalk,"Boston, Massachusetts",Oliver Ditson Company,,1872,There is a picture of a woman on the front cover.,NOT DOWNLOADED: 15ZzK4X_p0QOmBxcVuFK,15ZzK4X_p0QOmBxcVuFKejau-W6n6_g2I
528,Sheet,Floridiana,Front Cover,Back Cover,9,1,Piano,None,Gustave Lange,"547 Broadway, New York, New York",William A. Pond & Co.,,,This piece is not attached and in rougher condition.,NOT DOWNLOADED: 1BlHfa0ty5j0unFMRV0b,1BlHfa0ty5j0unFMRV0b-JFOywj79E1LD
529,Sheet,Waiting,Front Cover,Back Cover,9,1,,Ellen H. Flacc (English) & R. Pratti (Italian),Harrison Millard,"18 W. 37th St., New York, New York",WM A. Pond & Co.,,1912,Besides the cover this piece is in very good condition.,NOT DOWNLOADED: 1VATBOU-PaBid6fDnexi,1VATBOU-PaBid6fDnexiwLIIQZ0JlA_80
530,Sheet,The First Christmas,Front Cover,Back Cover,9,1,Christmas / Religious,Fredrick W. Farrar,Joseph Fletcher,"18 W. 37th St., New York, New York",WM A. Pond & Co.,,1918,This is a singular piece of music.,NOT DOWNLOADED: 1bmF07E4osbGKk7DcOFc,1bmF07E4osbGKk7DcOFcmTK-QIwUtxUcq
531,Sheet,My Sweet Adair,Front Cover,Back Cover,9,1,,L. Wolfe Gilbert,Anatol Friedland,102-104 W. 38th St. NY,Jos. W. Stern & Co.,,1915,The cover has a girl standing with flowers on it.,NOT DOWNLOADED: 15DZr0zqKwYpliOdrAPE,15DZr0zqKwYpliOdrAPE5M5OsVtjx5VsC
532,Sheet,What D'ye Mean You Lost Yer Dog,Front Cover,Back Cover,9,1,,Thos. S. Allen,Joseph M. Daly,"New York & Detriot, Michigan",Jerome H. Remick & Co.,,1913,The front cover has a dog chained to a dog house on it.,NOT DOWNLOADED: 1nAclluSrKfiQjxigN81,1nAclluSrKfiQjxigN812T-f6unzvdgP7
533,Sheet,"Do You Take This Woman For Your Lawful Wife? (I Do, I Do)",Front Cover,Back Cover,9,1,,Andrew B. Sterling,Harry Von Tilzer,"125 W. 34rd St., New York, New York",Harry Von Tilzer Pub. Co.,,1913,The front cover has Harry Von Tilzer on it.,NOT DOWNLOADED: 1xDQ8SaXhhV2k-nf09ja,1xDQ8SaXhhV2k-nf09jaF1zn5tH26ov2F
534,Sheet,Sweet Eventide,Front Cover,Back Cover,9,1,,None,Percy Wyckoff,"Bayonne, New Jersey",C.D. Wyckoff,,1907,It says on the front cover at the time of writing this Percy Wyckoff was only 12 years old.,NOT DOWNLOADED: 10CYBxk-6VplYijyHHtd,10CYBxk-6VplYijyHHtdnE9Pg2pQ_x32q
535,Sheet,The Cubanola Glide,Front Cover,Back Cover,9,1,,Vincent Bryan,Harry Von Tilzer,"125 W. 34rd St., New York, New York",Harry Von Tilzer Pub. Co.,,1909,The front cover has palm trees and leaves on it with orange and green coloring.,NOT DOWNLOADED: 1PkOf3UygmcJOibBs03O,1PkOf3UygmcJOibBs03OHpNCU0eIGltdP
536,Sheet,Any Rags?,Front Cover,Back Cover,9,1,,Thos. S. Allen,Thos. S. Allen,"576 Washington St., Boston, Massachusetts",Geo. M. Krey,,1902,This piece has a bright red cover with a man in rags on it.,NOT DOWNLOADED: 1ad3MN28iMS7W7A-q-ja,1ad3MN28iMS7W7A-q-jaJUXHumcVlIT95
537,Sheet,Wild Cherries,Front Cover,Back Cover,9,1,,None,Ted Synder,"112 W. 38th St., New York, New York",Ted Synder Co. (Inc.),,1908,The cover of this piece has a woman in a pink dress sitting in what one can assume is a cherry tree.,NOT DOWNLOADED: 1fQXfAKzR-slAiANiBHx,1fQXfAKzR-slAiANiBHxxpYo0l4ebkD0-
538,Sheet,When the Daisies Bloom,Front Cover,Back Cover,9,1,,Anita Owen,Anita Owen,"New York & Detriot, Michigan",Jerome H. Remick & Co.,,1909,The cover of this piece is yellow with a field of daisies on it.,NOT DOWNLOADED: 1NeYtkYe8bKKnLDkbKE2,1NeYtkYe8bKKnLDkbKE2t4Jl-pE9tqed7
539,Book,Sheet Music and Music Books (Famous McKinley 10 Cent Music),Front Cover,Back Cover,9,,,,,"Jefferson Ave & 55th St., Chicago, Illinois or 80 Fifth Ave, New York, New York",The McKinley Music Co.,,,This is more of an advertisement of songs than actual music.,NOT DOWNLOADED: 1AMbdY7KNYzJUUU4Q_G6,1AMbdY7KNYzJUUU4Q_G6kPwqBzkoJZX7F
540,Sheet,I Wish I Had My Old Girl Back Again,Front Cover,Back Cover,9,1,Piano & Vocal,Ballard Macdonald,Paul Wallace,102-104 W. 38th St. NY,Jos. W. Stern & Co.,,1909,The cover of this sheet is in brown and white.,NOT DOWNLOADED: 1Yvrj9ZI1apLFEWIT1sb,1Yvrj9ZI1apLFEWIT1sbmd0vFeVz3hvJY
541,Sheet,Miserere,Front Cover,Back Cover,9,1,Opera,Harrison Millard,Giuseppe Verdi,"Boston, Massachusetts",Oliver Ditson Company,,1874,The designs on this sheet are pink and green.,NOT DOWNLOADED: 1D8dT7cUiaeX4ooAVXDF,1D8dT7cUiaeX4ooAVXDFS3VONALJ8uO8U
542,Sheet,Honey Boy,Front Cover,Back Cover,9,1,,Jack Norworth,Albert Von Tilzer,"40 West 28th Street., New York, New York.",The York Music Co.,,1907,The front cover of this sheet has the ocean and the sun on it.,,
543,Sheet,I Wonder If You Miss Me,Front Cover,Back Cover,9,1,,Ed Rose,Ted. Synder,"48 West 29th Street., New York, New York",F.A. Mills,,1904,The cover of this piece has a red cover with leafs on it.,NOT DOWNLOADED: 1qrFz7ZPbCawHKt1Tl73,1qrFz7ZPbCawHKt1Tl7376Bag41aRUE5U
544,Sheet,Absinthe Frappe,Front Cover,Back Cover,9,1,Piano & Vocal,Glen Mac Donough,Victor Herbert,"10 Witmark Building, New York, New York",M. Witmark & Sons,,1904,This cover has two different shades of blue on it.,NOT DOWNLOADED: 1Y5gBD8NaTP6BmJJ1hWm,1Y5gBD8NaTP6BmJJ1hWmj_OLPQALpdp22
545,Sheet,I'm Tired Of Living Without You,Front Cover,Back Cover,9,1,,Edward Rose,Kerry Mills,"32 W. 29th St., New York, New York",F.A. Mills,,1908,There are four advertisements on the back of the sheet in red lettering for other Kerry Mills songs.,NOT DOWNLOADED: 1uOoTaZbS1nByN8_k86s,1uOoTaZbS1nByN8_k86skzJxRgB2eUdCB
546,Sheet,"Nobody Knows, Nobody Cares",Front Cover,Back Cover,9,1,,Chas. K. Harris,Chas. K. Harris,"31 West 31st Street, New York, New York",Chas. K. Harris,,1909,The cover of this sheer is orange with red lettering.,NOT DOWNLOADED: 1t1s8iiYWiCJa5RiaNtB,1t1s8iiYWiCJa5RiaNtB3TZ0RDWYnFY2f
547,Sheet,I Could Learn To Love You (If You'd Only Let Me Try),Front Cover,Back Cover,9,1,,Felix F. Feist,Harry Armstrong,"134 West 37th St., New York, New York",Leo. Feist Inc.,,1908,The front cover of this sheet has a couple on it and the woman is wearing a mask.,NOT DOWNLOADED: 10YHG5vjtYBQcTTynLCa,10YHG5vjtYBQcTTynLCaUMvBdxMVzrVdA
548,Sheet,Dear Heart,Front Cover,Back Cover,9,1,,J. Anton Dailey,J. Anton Dailey,"New York & Detriot, Michigan",Jerome H. Remick & Co.,,1908,The front cover has a picture of what seems to be a greek goddess.,NOT DOWNLOADED: 113EZv4_oQHu-bSUkDxZ,113EZv4_oQHu-bSUkDxZEdIKwm3_RtLOz
549,Sheet,I've Got The Time - I've Got The Place (But It's Hard To Find The Girl),Front Cover,Back Cover,9,1,,Ballard Macdonald,S.R. Henry,102-104 W. 38th St. NY,Jos. W. Stern & Co.,,1910,The cover of this sheet features Miss Hetty King wearing a suit.,NOT DOWNLOADED: 14hSPWBL60l04eFREBpF,14hSPWBL60l04eFREBpF8_LwA-TEpsJm-
550,Sheet,Kiss-Kiss-Kiss,Front Cover,Back Cover,9,1,Piano & Vocal,Harry B. Smith,Gertrude Hoffman,"10 Witmark Building, New York, New York",M. Witmark & Sons,,1905,"The cover of this sheet says this is from the Management of F. Ziegfeld, Jr.",NOT DOWNLOADED: 1R31FiFqy6Dkrg5sgfHZ,1R31FiFqy6Dkrg5sgfHZZNR133Q8BqEE-
551,Sheet,"All In Down And Out (Sorry I Ain't Got It, You Could Get It, If I Had It)",Front Cover,Back Cover,9,1,,R.C. McPherson,Smith and Johnson and Elmer Bowman,"42 W. 28th St., New York, New York",Gotham - Attucks Music Pub. Co.,,1906,The cover has the colors purple and green on it.,NOT DOWNLOADED: 1f8vkNA5VBg2L9zkWoyo,1f8vkNA5VBg2L9zkWoyoMj7Kn2UsoyOyR
552,Sheet,Why Don't You Try or The Rolling Chair Song,Front Cover,Back Cover,9,1,,Harry Williams,Egbert Van Alstyne,"New York & Detriot, Michigan",Jerome H. Remick & Co.,,1905,"Since another name for this piece is the Rolling Chair Song, the cover has a picture of a rolling chair on it.",NOT DOWNLOADED: 1QuqO_wLmrV_OcSY64nv,1QuqO_wLmrV_OcSY64nv9_pd-99apH6Ki
553,Sheet,My Little Dream Girl,Front Cover,Back Cover,9,1,,L. Wofle Gilbert,Anatol Friedland,102-104 W. 38th St. NY,Jos. W. Stern & Co.,,1915,The cover has a photo of a young woman in black and white.,NOT DOWNLOADED: 1Fq1e_zZ2xPYTgSfJlgM,1Fq1e_zZ2xPYTgSfJlgMTA7qAUUpQt4y7
554,Sheet,Two Heads Are Better Than One,Front Cover,Back Cover,9,1,Piano & Vocal,Jerome Kern & Schuyler Greene,Jerome Kern,"New York, New York","T.B. Harms & Francis, Day & Hunter",,1915,The cover of this sheet has a large tear across the middle.,NOT DOWNLOADED: 1n-fy1jW9W5hc5XhvgBS,1n-fy1jW9W5hc5XhvgBSAkm_Of392P28I
555,Sheet,"Oh, How She Could Yacki Hacki Wicki Wacki Woo (That's Love In Honolu)",Front Cover,Back Cover,9,1,Cultural,Stanley Murphy & Chas. McCarron,Albert Von Tilzer,"145 W. 45th St., New York, New York",Broadway Music Corporation,,1916,The cover of this sheet has an image of a Hula dancer.,NOT DOWNLOADED: 1op0YnGCEJbD1PH4HhmD,1op0YnGCEJbD1PH4HhmDk22PT_oHC9Zwg
556,Sheet,Somewhere There's Someone,Front Cover,Back Cover,9,1,,Mark Meredith,Alfred Solman,102-104 W. 38th St. NY,Jos. W. Stern & Co.,,1909,There is an advertisement for another song on the back of this sheet.,NOT DOWNLOADED: 1mIPdaqdRY0_jVQRfr6c,1mIPdaqdRY0_jVQRfr6cAYmFue5NRmQw7
557,Sheet,I'm On My Way To Mandalay,Front Cover,Back Cover,9,1,,Al. Bryan,Fred Fisher,"134 West 37th St., New York, New York",Leo. Feist Inc.,,1913,The cover of this sheet has a woman leaning against a tree.,NOT DOWNLOADED: 1Ha77XJZl__cK7D7lm5j,1Ha77XJZl__cK7D7lm5jnD44FHNhK3HS7
558,Sheet,Ma Filipino Babe,Front Cover,Back Cover,9,1,,Chas. K. Harris,Chas. K. Harris,Milwaukee & New York,Chas. K. Harris,,1899,The cover of this sheet is a bright orange.,NOT DOWNLOADED: 1y9KDtwQ6r7nqY2Ojcu-,1y9KDtwQ6r7nqY2Ojcu-xYBtF6bpfkEWs
559,Sheet,Down In Sunny Alabama,Front Cover,Back Cover,9,1,,James Burrel,Jas. T. Brymn,"156 Fifth Ave, New York, New York",Richard A. Saalfield,,1901,All of the information for this piece is right on the front cover. Almost ripped in half.,NOT DOWNLOADED: 1u6GPyXiv4Q9gvwWIGz9,1u6GPyXiv4Q9gvwWIGz9Af4dJk_ZyvkNy
560,Sheet,Orphee Aux Enfers,Front Cover,Back Cover,9,1,,None,J. Offenbach,"14th Street., Sixth Ave., and 13th Street",R.H. Macy & Co.,,,"The back of this sheet is covered in various advertisements. The front says ""Orpheus and Eurydice"" in large, bold letters.",NOT DOWNLOADED: 1bk5l-3PiXZuPFcDAqpR,1bk5l-3PiXZuPFcDAqpRIzQOekjKLSrAm
561,Sheet,In Old Madrid,Front Cover,Back Cover,9,1,Piano & Vocal,H. Trotere,H. Trotere,"385 Sixth Avenue, above 23rd Street, New York, New York",Hitchcock and McCargo Publishing Company,,,These selected ballads are the publishing company's favorite composers.,NOT DOWNLOADED: 1YyJpP5c6YOP3Hy8NhQ-,1YyJpP5c6YOP3Hy8NhQ-lJ_PK7D2pPFQ7
562,Sheet,The Sunshine of Your Smile (2 copies),Front Cover,Back Cover,9,1,Piano & Vocal,Leonard Cooke,Lilian Ray,"New York, New York","T.B. Harms & Francis, Day & Hunter",,1915,The title of the song is underlined in an orange-redish color. One of the copies is missing the last page/back cover.,NOT DOWNLOADED: 1TbUy3wh-TY5PxdcDSxa,1TbUy3wh-TY5PxdcDSxaN99dQ2c5MnTbD
563,Sheet,Sphinx Galop,Front Cover,Back Cover,9,1,,None,WM. A. Pond Jr.,"547 Broadway & 39 Union Square, Near 17th Street., New York, New York",WM. A. Pond & Co.,,1871,The cover of this sheet has a picture of a sphinx on it.,NOT DOWNLOADED: 1YekzFqzVyeQH8KVf2Oz,1YekzFqzVyeQH8KVf2OzOjDrm1CKLr_rV
564,Sheet,Deuxieme Nocturne,Front Cover,Back Cover,9,1,,None,Par J. Leybach,"122 Chestnut St., Philadelphia, Pennsylvania",Lee & Walker,,,There is a list of other songs and composers on the front cover of this sheet.,NOT DOWNLOADED: 1JuvpCDmC0ujugyYtF9m,1JuvpCDmC0ujugyYtF9mAUgu_9G1bnKVp
565,Sheet,The Kerry Dance,Front Cover,Back Cover,9,1,,J.L. Molloy,J.L. Molloy,"229 Bowery, Opp. Prince St., New York, New York",E.H. Harding,,,The sheet is in pieces.,NOT DOWNLOADED: 10MXYHGghuOWtis6goIr,10MXYHGghuOWtis6goIrt8ZeljWWpaXEQ
566,Sheet,Looking Back,Front Cover,Back Cover,9,1,,Louisa Gray,Arthur S. Sullvan,"229 Bowery, New York, New York",E.H. Harding,,,This sheet is no in very good condition.,NOT DOWNLOADED: 19ko5MO9W3Ku-AdeZu1p,19ko5MO9W3Ku-AdeZu1prFWwXx4tEXPIC
567,Sheet,Some Day,Front Cover,Back Cover,9,1,,Hugh Conway,Milton Wellings,"New York, New York",S.T. Gordon & Son,,,The cover of this sheet has other songs from the collection on the front.,NOT DOWNLOADED: 1HOR6Pg_Oy0R8VhXNeat,1HOR6Pg_Oy0R8VhXNeat5C6w8ueYsMB-C
568,Sheet,"Alice, Where Art Thou?",Front Cover,Back Cover,9,1,Romance,W. Guernsey,J. Ascher,,,,,A lot of the information is missing from this particular sheet.,NOT DOWNLOADED: 18uKr6d6q68eVTmIMwLg,18uKr6d6q68eVTmIMwLg8YvhkfKYozcVO
569,Sheet,Singing Of Birds,Front Cover,Back Cover,9,1,Piano,None,Addison P. Wyman,"547 Broadway & 39 Union Square, Near 17th Street., New York, New York",WM. A. Pond & Co.,,1871,The front cover of this sheet has birds sitting on the branches of a tree.,NOT DOWNLOADED: 17eot_PmY3nzVlLGo5eH,17eot_PmY3nzVlLGo5eHHQ1oKIAtmanjD
570,Sheet,Strangers Yet,Front Cover,Back Cover,9,1,Piano & Vocal,Claribel,Claribel,"125 S. 10th St., Philadelphia, Pennsylvania",M.D. Swisher,,,The cover of this sheet has various pictures of a couple through different times.,NOT DOWNLOADED: 1N4OsYtncnqzwkU8CPNg,1N4OsYtncnqzwkU8CPNgaUcaMekOsQodv
571,Book,Practical Method of Italian Singing,Front Cover,Back Cover,9,,Cultural / Vocal,N. Vaccal & J.C.D. Parker (English),N. Vaccal,"451 Washington St., Boston, Massachusetts",Oliver Ditson & Co.,,1865,These are not really songs as it is lessons teaching Italian singing. Text / lyrics are in English and Italian.,NOT DOWNLOADED: 1S0PxP_SYdvwjHVIlbMe,1S0PxP_SYdvwjHVIlbMey_xxOBpTKp7TX
572,Sheet,The Sweetest Story Ever Told,Front Cover,Back Cover,9,1,,R.M. Stults,R.M. Stults,"453 to 463 Washington St., Boston, Massachusetts",Oliver Ditson Company,,1892,The cover of this sheet has a picture of a man and a woman on it.,NOT DOWNLOADED: 1ce_Auh31rETho6-AisO,1ce_Auh31rETho6-AisOhSPvUwPXZvaFS
573,Sheet,Last Night,Front Cover,Back Cover,9,1,,Christian Winter,Halfdan Kjerulf,"25 Union Square, New York, New York",WM. A. Pond & Co.,,,The cover has a large arch design on it.,NOT DOWNLOADED: 1f_LwjYGLHapavYuq3iZ,1f_LwjYGLHapavYuq3iZ5gsxL1DR1jXKB
574,Sheet,Romanza,Front Cover,Back Cover,9,1,,V. Mnuti,Vincenzo Robaudi,,Milano F. Lucca,,,The cover of this sheet has flowers on it and is in all brown and tan shades. Italian lyrics.,NOT DOWNLOADED: 1QXjYJNa6CCHN7kA322o,1QXjYJNa6CCHN7kA322oHj2xVBG3p4Lj7
575,Sheet,Marguerite Romanza,Front Cover,Back Cover,9,1,,C.A. White,C.A. White,,"White, Smith & Co.",,1883,The back cover of this sheet has other songs from C.A. White. Missing front cover.,NOT DOWNLOADED: 1EXuwg15g2SAkdR5vqJo,1EXuwg15g2SAkdR5vqJoVCTyzv5NIhHLs
576,Sheet,Te Deum Laudamus,Front Cover,Back Cover,9,1,Piano & Vocal,Jackson,Jackson,"115 Washington St., Boston, Massachusetts",Oliver Ditson,,,It says on the cover that this piece can be played on the organ or the piano.,NOT DOWNLOADED: 16Jra6KarAu3rkk2LakD,16Jra6KarAu3rkk2LakDW9h6v49n4RBEj
577,Sheet,You're A Grand Old Flag,Front Cover,Back Cover,9,1,Patriotic,Geo. M. Cohan,Geo. M. Cohan,"48 West 29th Street., New York, New York",F.A. Mills,,1906,The cover of this sheet has red and white stripes and stars around the title.,,
578,Sheet,Condellied,Front Cover,Back Cover,9,1,Piano,None,Theodor Oesten,"538 Broadway, New York, New York",Stephen T. Gordon,,,Very faint pencil writing on the front cover.,NOT DOWNLOADED: 1piUinLCi2nhOpezLmmR,1piUinLCi2nhOpezLmmRqZe2095id-ISe
579,Sheet,"Speak, Oh Speak To Me Again or Let Me Hear Thy Voice Again",Front Cover,Back Cover,9,1,,C.T. Wilson,Harrison Millard,"18 East 22nd St., New York, New York",T.B. Harms & Co.,,1876,The cover of this sheet is all in dark blue lettering.,NOT DOWNLOADED: 1qy-6-bgG3W1fZUZzYc8,1qy-6-bgG3W1fZUZzYc8Q0CXr5ZnZnnmg
580,Sheet,Kathleen Mavourneen,Front Cover,Back Cover,9,1,Irish &Vocal,Mrs. Crawford,F.N. Crouch,,,,,This sheet lacks a lot of the informaton. Wide tape across the front cover.,NOT DOWNLOADED: 12TehiNlJJYtYnQB1f32,12TehiNlJJYtYnQB1f32WZ_UVM1yhd7CJ
581,Sheet,Tile Club Galop,Front Cover,Back Cover,9,1,,None,Hattie Van Boskerck,"25 Union Square, New York, New York",William A. Pond & Co.,,1880,The cover of this sheet has a woman waving to a man on the back of a horse.,,
582,Sheet,Waltz Me Around Again Willie,Front Cover,Back Cover,9,1,Waltz & Vocal,Will D. Cobb,Ren Shields,"48 West 29th Street., New York, New York",F.A. Mills,,1906,The front cover of this sheet is very bright with orange and blue all over it.,NOT DOWNLOADED: 1f5Xl3i0q8A5kf-GwyE3,1f5Xl3i0q8A5kf-GwyE3cTuu43HB55UR6
583,Sheet,Tammany,Front Cover,Back Cover,9,1,,Vincent Bryan,Gus Edwards,"10 Witmark Building, New York, New York",M. Witmark & Sons,,1905,The front cover of this sheet has a Native American's side profile on it.,NOT DOWNLOADED: 1ZdjiIpGkA8Wefl34mzG,1ZdjiIpGkA8Wefl34mzGcOPmDsrFChU_z
584,Sheet,La Redemption,Front Cover,Back Cover,9,1,Polka,None,Harry Hofner,"277 Washington St., Boston, Massachusetts",Oliver Ditson & Co.,,1866,"On the back cover of this sheet, there is a bunch of advertising.",NOT DOWNLOADED: 1dGtt7RiInw8XzZgT54R,1dGtt7RiInw8XzZgT54RhP2dFjwfd8xH4
585,Sheet,Daisies Won't Tell,Front Cover,Back Cover,9,1,,Anita Owen,Anita Owen,Detriot & New York,Jerome H. Remick & Co.,,1908,The front cover of this sheet is yellow with daisies on it.,NOT DOWNLOADED: 1SRki2YAsypDDjhsLqUL,1SRki2YAsypDDjhsLqUL_VuHHT6bUxA95
586,Sheet,Pure As Snow,Front Cover,Back Cover,9,1,Piano,None,Gustave Lange,"547 Broadway, New York, New York",WM. A. Pond & Co.,,,The cover of this sheet has other songs from the collection on the front.,NOT DOWNLOADED: 12Ani5Iree8V9kUXV1bV,12Ani5Iree8V9kUXV1bV6uyeHNz0ETvfn
587,Sheet,Courting in the Rain or April Showers,Front Cover,Back Cover,9,1,,Vincent Davies,Vincent Davies,"Red Bank, New Jersey",H.K. Allstrom,,,The lettering of this sheet is large and very interesting style.,NOT DOWNLOADED: 1fe3O-B2wG219BJFmfv6,1fe3O-B2wG219BJFmfv6JAyXxGDV8Jj5d
588,Sheet,Where The River Shannon Flows,Front Cover,Back Cover,9,1,Piano & Vocal,James I. Russell,James I. Russell,"10 Witmark Building, New York, New York",M. Witmark & Sons,,1905,The front cover of this sheet has an image of a tree and landscape.,NOT DOWNLOADED: 12X40uVzoOYEhBC8o5za,12X40uVzoOYEhBC8o5za71tag5QmwsKaT
589,Sheet,There is a Green Hill Far Away,Front Cover,Back Cover,9,1,,Ch. Gound,Ch. Gound,"516 Washington Street., Boston, Massachusetts","White, Smith & Company",,,There is an abundance of other songs that are listed on the front cover as well.,NOT DOWNLOADED: 1VPhlc1_Ivmy6LD2Ct5L,1VPhlc1_Ivmy6LD2Ct5LQLNCrXrItirAr
590,Sheet,"Somewhere, Sometime",Front Cover,Back Cover,9,1,,Ida M. Budd,Chas. H. Gabriel,"119 West Sixth Street, Cincinnati, Ohio or No. 40 Bible House, New York, New York",Fillmore Bros.,,1894,The lettering on the front cover is a deep blue with a designed border.,NOT DOWNLOADED: 1lZIgIsn0IqBBaUnQkwE,1lZIgIsn0IqBBaUnQkwERg8_6ZLwf5YN7
591,Sheet,"Onward, Bonny Boat, Be Flying",Front Cover,Back Cover,9,1,Piano & Vocal,G.W. Birdseye,F. Kucken,"701 Broadway, New York, New York",G. Schirmer,,1867,There are other German Vocal Duets on the front cover of this sheet.,NOT DOWNLOADED: 1PcHnIU9FmWe0CXNV9Zi,1PcHnIU9FmWe0CXNV9ZitHmBrsTiL4v3v
592,Sheet,Consider The Lillies,Front Cover,Back Cover,9,1,Piano & Vocal,R. Topliff,R. Topliff,"1308 Chestnut St., Philadelphia, Pennsylvania",F.A. North & Co.,,,These songs are selected for a sanctuary according to the cover of this sheet.,NOT DOWNLOADED: 1WMdYghVaAXGnFf-nQz4,1WMdYghVaAXGnFf-nQz4m6zHcqDNpWct7
593,Sheet,Down on the Farm,Front Cover,Back Cover,9,1,,Raymond A. Browne,Harry Von Tizler,"37 W. 28th St., New York, New York",Harry Von Tizler Music Publishing Co.,,1902,The front cover of this sheet has a dark green and red coloring on it.,NOT DOWNLOADED: 1lNJt-L377nCfOOiHGcL,1lNJt-L377nCfOOiHGcLcyU81nKImUB-v
594,Sheet,The Winds That Waft My Sighs To Thee,Front Cover,Back Cover,9,1,,H.W. Challis,W.V. Wallace,,,,,This sheet is in pieces and has very little information.,NOT DOWNLOADED: 1l_x-XdTcd-CWa8FRiB9,1l_x-XdTcd-CWa8FRiB9dr-Dvg_mDiHh7
595,Sheet,The Dying Boy's Prayer,Front Cover,Back Cover,9,1,Ballad,Austin Dobson,Stephen Massett,"25 Union Square, New York, New York",WM. A. Pond & Co.,,1881,The border of this sheet is church-like.,NOT DOWNLOADED: 1I2jBy7ZHVo_781z7RFu,1I2jBy7ZHVo_781z7RFu0qzuwnM-uO2g4
596,Sheet,The Bridge,Front Cover,Back Cover,9,1,,H.W. Longfllow,M. Lindsay,"229 Bowery, New York, New York",Hardings Music For The Million,,,There is a list of other songs and composers on the front cover of this sheet.,NOT DOWNLOADED: 1MQZPJt8euPFe8-F9f_i,1MQZPJt8euPFe8-F9f_iGZq5Cplx5XuVh
597,Sheet,The Lost Child,Front Cover,Back Cover,9,1,Ballad,Hood,Snip.,"277 Washington St., Boston, Massachusetts",Oliver Ditson & Co.,,1860,The front cover of this sheet is split in half.,NOT DOWNLOADED: 1psVmVcG6RDXFtcN18XD,1psVmVcG6RDXFtcN18XDc_pXha5nbOjxI
598,Sheet,The Last Watch,Front Cover,Back Cover,9,1,Piano & Vocal,Fred E. Weatherly,Ciro Pinsuti,"25 Union Square, New York, New York",WM. A. Pond & Co.,,,Most of the information for this sheet is listed on the front cover.,NOT DOWNLOADED: 11GQTY8_ASYlK0zTmlmC,11GQTY8_ASYlK0zTmlmCXuJfGnHatK09J
599,Sheet,Flower Song,Front Cover,Back Cover,9,1,,None,Gustave Lange,"125 S. 10th St., Philadelphia, Pennsylvania",M.D. Swisher,,,A bird is sitting on the ground on the front cover.,NOT DOWNLOADED: 1X8b60KuT4ZICJUt5EPx,1X8b60KuT4ZICJUt5EPx68XSTWIWnt4wb
600,Sheet,Love Divine,Front Cover,Back Cover,9,1,Organ & Vocal,H. Clarence Sage,H. Clarence Sage,"33 Union Square, New York, New York",R.A. Saalfield,,1877,The picture of a church on the front cover on this piece.,NOT DOWNLOADED: 1l-Dsw9Wp6yqngkizyDk,1l-Dsw9Wp6yqngkizyDkm-qHLA9fZLYpo
601,Sheet,The Everlasting Hills,Front Cover,Back Cover,9,1,,H. Clarence Sage,H. Clarence Sage,"33 Union Square, New York, New York",R.A. Saalfield,,1877,The picture of a church on the front cover on this piece.,NOT DOWNLOADED: 1dXzGzd1m5nTi0uPampt,1dXzGzd1m5nTi0uPamptSaKDddL8RsV4l
602,Sheet,The Mountain Daisy Waltzes,Front Cover,Back Cover,9,1,Waltz,None,William Clifton Daland,"13 East 14th Street., New York, New York",S.T. Gordon & Son,,1879,There is a list of songs that are also published by this publisher.,NOT DOWNLOADED: 1oQomCko0WFoeI-oRAy8,1oQomCko0WFoeI-oRAy8W_ILYLILyxdPq
603,Sheet,General Hancock's Grand March,Front Cover,Back Cover,9,1,March,None,Sep. Winner,"922 Chestnut St., Philadelphia, Pennsylvania",Lee & Walker,,1864,There is a picture of General Hancock on the front cover of this sheet. May have belonged to Lura Smith.,NOT DOWNLOADED: 1FyCItU2uaDhzPafu55n,1FyCItU2uaDhzPafu55nr4C6QEJmr9iyM
604,Sheet,A Bunch Of Rags,Front Cover,Back Cover,9,1,Piano & Banjo,None,W.J. Kitchener,,"Howley, Haviland & Co.",,1899,This song has both the banjo and piano versions of it. No front or back covers.,NOT DOWNLOADED: 10FEIrU0KTfxhSLlblRr,10FEIrU0KTfxhSLlblRru4dFRBdD1TafX
605,Sheet,The Preacher and the Bear,Front Cover,Back Cover,9,1,,Joe Arzonia,Joe Arzonia,"153 N. Eighth St., Philadelphia, Pennsylvania",Jos. Morris Co.,,1904,The cover of this sheet has a man sitting on a branch of a tree.,NOT DOWNLOADED: 1gzDaCGXhg_RHjPgekPV,1gzDaCGXhg_RHjPgekPVquXljUnrjkTQx
606,Sheet,The Vivandiere,Front Cover,Back Cover,9,1,,Joseph Hart,Joseph Hart,"25 Union Square, New York, New York",WM. A. Pond & Co.,,1894,There is a photo of a woman on the front cover of this sheet.,NOT DOWNLOADED: 1wrIEOIlR0hj_g1FbhZt,1wrIEOIlR0hj_g1FbhZtt7CQEEfzykyQ6
607,Sheet,Broken Down,Front Cover,Back Cover,9,1,Comic,Harry Clifton,Harry Clifton,"Red Bank, New Jersey",H.K. Allstrom,,,On the front cover of this sheet there is a list of other comic songs.,NOT DOWNLOADED: 1R5LtLc824cYOx-hPNba,1R5LtLc824cYOx-hPNbaaSuufSHTKdpXb
608,Sheet,Serenade,Front Cover,Back Cover,9,1,,Jerry Castillo,Franz Schubert,"Chicago, Illinois",Calumet Music Co.,,1935,This sheet is in very good condition.,NOT DOWNLOADED: 1NkCJ5NId-icjtG1aNtF,1NkCJ5NId-icjtG1aNtFG_MMslAYWFGgx
609,Sheet,The Lost Chord,Front Cover,Back Cover,9,1,,Adelaide A. Proctor,Arthur Sullivan,"145 W. 45th St., New York, New York",Joe Morris Music Co.,,,,NOT DOWNLOADED: 1KrD5ySQF0y8N8l7vl2f,1KrD5ySQF0y8N8l7vl2f8c6ojNJgYmhWf
610,Sheet,Sing me to Sleep,Front Cover,Back Cover,9,1,Violin,None,Edwin Greene,"26 & 28 West St., Boston, Massachusetts",The Boston Music Company,,1911,Four other songs are published by the Boston Music Company on the back of this sheet.,NOT DOWNLOADED: 1PebLp0IbQScItBdGKoe,1PebLp0IbQScItBdGKoemAQc88mAMngMx
611,Sheet,Out Where the West Begins,Front Cover,Back Cover,9,1,,Arthur Chapman,Estelle Philleo,"235 South Wabash Ave., Chicago, Illinois",Forster Music Publisher Inc.,,1917,There is a mountain range on the front cover of this sheet. Julia Parker's initials are written on the front.,NOT DOWNLOADED: 1ZqDrQe245iqFXmVXEM1,1ZqDrQe245iqFXmVXEM1HW8VP0Kje1fbn
612,Sheet,Sylvia,Front Cover,Back Cover,9,1,,Clinton Scollard,Oley Speaks,"New York, New York",G. Schirmer Inc.,,1914,"The title on the front cover of this sheet is in a sky-blue color. Julia Parker's initials ""J.G.P."" are written on the front cover.",NOT DOWNLOADED: 1Jdiaj_DFCAwbipfDNIR,1Jdiaj_DFCAwbipfDNIRnzbOyst1HUQnp
613,Sheet,Carry Me Back to Old Virginny,Front Cover,Back Cover,9,1,,James A. Bland,James A. Bland,"201 East 26th Street, Chicago, Illinois",Calumet Music Co.,,1935,The front cover of this sheet is a bright yellow.,NOT DOWNLOADED: 1q4dY6QD1sbXLPG8hN7V,1q4dY6QD1sbXLPG8hN7VHICBHm4y-MCPz
614,Sheet,The Lost Chord,Front Cover,Back Cover,9,1,,Arthur Sullivan,Arthur Sullivan,"201 East 26th Street, Chicago, Illinois",Calumet Music Co.,,1935,The front cover of this sheet is bright red with music notes on it.,NOT DOWNLOADED: 1UsmEqQa3rtoH4xOz_wC,1UsmEqQa3rtoH4xOz_wCmhGXtgAj-Q4qO
615,Sheet,The Palms (Les Rameaux),Front Cover,Back Cover,9,1,,Bernice Manoloff,J. Faure,"201 East 26th Street, Chicago, Illinois",Calumet Music Co.,,1935,The front cover of this sheet is 2 shades of green with a palm leaf on it.,NOT DOWNLOADED: 1IKujf5zqmvoOhai7fmT,1IKujf5zqmvoOhai7fmTpbhTjrOs5fOK1
616,Sheet,In a Monastery Garden,Front Cover,Back Cover,9,1,Violin & Vocal,Albert W. Ketelbey,Albert W. Ketelbey,"62-64 West 45th Street, New York, New York","T.B. Harms & Francis, Day & Hunter, Inc.",J.H. Larway,1921,The title of this piece has a red square around it.,NOT DOWNLOADED: 1tkvKVz3SlVEU5naLhnj,1tkvKVz3SlVEU5naLhnjybuQ35ND0pBuA
617,Book,Jingle Bells and Silent Night,Front Cover,Back Cover,9,2,Christmas,J. Pierpont & Joseph Mohr,J. Pierpont & Franz Gruber,,,,,The two songs are in what looks to be a Christmas magazine.,,
618,Sheet,I'll Forget You,Front Cover,Back Cover,9,1,,Annelu Burns,Ernest R. Ball,"No. 7 Whitmark Building, New York, New York",M. Witmark & Sons,,1921,There is an advertisement for another song on the back of this sheet. Julia Parker's initials are written on the front.,NOT DOWNLOADED: 1Qsebvd-9PGr5nSlVa0t,1Qsebvd-9PGr5nSlVa0tcZAj7xOQEvzH-
619,Sheet,Faust Waltz,Front Cover,Back Cover,9,1,Waltz,None,Charles Gound,"2611 Indiana Avenue, Chicago, Illinois",Moderne Edition,,1936,"The front cover of this sheet is purple, with a man posing on it.",NOT DOWNLOADED: 1OLRTDrC9mAHWG7hXL4P,1OLRTDrC9mAHWG7hXL4PA7IJfEfpmsB1M
620,Sheet,Turkey In The Straw,Front Cover,Back Cover,9,1,Rag-Time,Leo Wood,Otto Bonnell,"235 W. 40th St., New York, New York","Leo. Feist, Inc.",,1920,The front cover of this sheet has a man playing the banjo.,NOT DOWNLOADED: 1BZztWPuFJeZKoPG8N1y,1BZztWPuFJeZKoPG8N1yNyOQ86AtN69RC
621,Book,The Etude (March 1909),Front Cover,Back Cover,9,,,,"R.S. Morrison, Carl Koelling, Eugene Jambor, etc.","Philadelphia, Pennsylvania",Theodore Presser,,1909,"This a music magazine. Green cover, March issue.",NOT DOWNLOADED: 13jm1bUwZWTxjo5CVQSQ,13jm1bUwZWTxjo5CVQSQ6OBGgEnZVogIN
622,Sheet,Who Knows?,Front Cover,Back Cover,9,1,,Paul Laurence Dunbar,Ernest R. Ball,"No. 7 Whitmark Building, New York, New York",M. Witmark & Sons,,1908,There is an advertisement for another song on the back of this sheet.,NOT DOWNLOADED: 1GW85PPZa7ZepyXJza8x,1GW85PPZa7ZepyXJza8xX0nZYFu5EmUyW
623,Sheet,Pagan Love Song,Front Cover,Back Cover,9,1,,Arthur Freed,Nacio Herb Brown,"799 Seventh Avenue, New York, New York",Robbins Music Corporation,,1929,The cover of this sheet is in bright blue and white.,NOT DOWNLOADED: 1_cw6Tgasu0IpgT_DNoA,1_cw6Tgasu0IpgT_DNoAuaFunYmAFVuSj
624,Sheet,Would You,Front Cover,Back Cover,9,1,,Arthur Freed,Nacio Herb Brown,"799 Seventh Avenue, New York, New York",Robbins Music Corporation,,1936,The front cover of this sheet has a man and a woman dressed nicely on it. Light blue background.,NOT DOWNLOADED: 1KHFA_YLcvv-lQUN10nz,1KHFA_YLcvv-lQUN10nzC8GVtPoQ4oJA6
625,Sheet,The Lamplit Hour,Front Cover,Back Cover,9,1,,Thomas Burke,Arthur A. Penn,"10 Witmark Building, New York, New York",M. Witmark & Sons,,1919,,NOT DOWNLOADED: 1PX8E9ZH9wok0QWmbUVV,1PX8E9ZH9wok0QWmbUVVeqyqcdxvETglV
626,Sheet,Just A Word For Father,Front Cover,Back Cover,9,1,,Walter H. Ford,John W. Bratton,"8 West 29th Street, New York, New York",M. Witmark & Sons,,1894,The border of this sheet is orange-red color with some type of plant on it.,NOT DOWNLOADED: 1mDXZCxoT4y70i9DgArO,1mDXZCxoT4y70i9DgArOi7Gjyg7u2Yj5c
627,Sheet,Blue Danube Waltz,Front Cover,Back Cover,9,1,Waltz,Jerry Castillo,John Strauss,"201 East 26th Street, Chicago, Illinois",Calumet Music Co.,,1935,The cover of this sheet is royal blue with a streak of yellow on it.,NOT DOWNLOADED: 1TTccP0odyFn0mvTmUMJ,1TTccP0odyFn0mvTmUMJnfkc65SSDmspJ
628,Sheet,Liebestraum (Dream Of Love),Front Cover,Back Cover,9,1,,Jerry Castillo,Franz Liszt,"201 East 26th Street, Chicago, Illinois",Calumet Music Co.,,1935,The front cover of this sheet has a man leaning on a tree.,NOT DOWNLOADED: 1rfeV9x8Pq3nr_ZgMrQf,1rfeV9x8Pq3nr_ZgMrQf_eParp8pLSlQY
629,Sheet,Absent,Front Cover,Back Cover,9,1,,Catherine Young Glen,John W. Metcalf,"120 Boylston St., Boston, Massachusetts or 8 West 40th St., New York, New York",The Arthur P. Schmidt Co.,,1899,There are advertisements on the back of this sheet.,NOT DOWNLOADED: 1zTCsAuz7h33m3I-rGOC,1zTCsAuz7h33m3I-rGOCa9VZgHLpkXNOX
630,Sheet,La Paloma (The Dove),Front Cover,Back Cover,9,1,,Jerry Castillo,Sebastian Yradier,"201 East 26th Street, Chicago, Illinois",Calumet Music Co.,,1935,"The front cover of this sheet has red, black, and white on it.",NOT DOWNLOADED: 1CkECxApJ10_s7GSH0Bb,1CkECxApJ10_s7GSH0BbPC8aOHqwQvCau
631,Sheet,Songs My Mother Taught Me,Front Cover,Back Cover,9,1,,Anton Dvorak,Anton Dvorak,"201 East 26th Street, Chicago, Illinois",Calumet Music Co.,,1935,The front cover of this sheet is a vibrant and bright green.,NOT DOWNLOADED: 1yxs5hkCmPNXOGo6wRI9,1yxs5hkCmPNXOGo6wRI9Q9stmpOlpeYbS
632,Sheet,Among My Souvenirs,Front Cover,Back Cover,9,1,,Edgar Leslie,Horatio Nicholls,"745 Seventh Ave, New York, New York","De Sylva, Brown, and Henderson. Inc.",,1927,The front cover has a small image with a jewelry box with a rose and letters in it.,NOT DOWNLOADED: 19cji9Yyt5LvLzcIn2KM,19cji9Yyt5LvLzcIn2KMym03XUbFLFqQ0
633,Sheet,Just Been Wond'ring All Day Long,Front Cover,Back Cover,9,1,Violin & Vocal,Irene Akerley Canning,Irene Akerley Canning,"No. 7 Whitmark Building, New York, New York",M. Witmark & Sons,,1921,There is an advertisement for another song on the back of this sheet.,NOT DOWNLOADED: 13ukhgKcJWRyc6C8CChp,13ukhgKcJWRyc6C8CChp7UZ-wk4Va8CaB
634,Sheet,She'll Be Comin' Round The Mountain,Front Cover,Back Cover,9,1,Guitar & Vocal,Frank & Manoloff,Frank & Manoloff,"201 East 26th Street, Chicago, Illinois",Calumet Music Co.,,1935,There are orange mountains with a train going up them on the front cover.,NOT DOWNLOADED: 1SISPB_uO5I6Co-vriPn,1SISPB_uO5I6Co-vriPnZOH_T3FdPAz3p
635,Sheet,Hawaiian Lullaby,Front Cover,Back Cover,9,1,,Dorothy Terriss,Ethel Bridges,"Feist Building 231-5 West 40th Street, New York, New York","Leo. Feist, Inc.",,1919,The front cover of this sheet is decorated with dark blue flowers.,NOT DOWNLOADED: 1C8phT-fjB14C6lps2xG,1C8phT-fjB14C6lps2xGO74pqyWXXOZJE
636,Sheet,When The Moon Comes Over The Mountain,Front Cover,Back Cover,9,1,,"Kate Smith, Harry Woods, & Howard Johnson","Kate Smith, Harry Woods, & Howard Johnson","799 Seventh Avenue, New York, New York",Robbins Music Corporation,,1931,The cover of this sheet has a woman on it with mountains in the background.,NOT DOWNLOADED: 19LKgYgo5hU7OuHIc1mL,19LKgYgo5hU7OuHIc1mL1VvCdjQo2MG7S
637,Sheet,Memories,Front Cover,Back Cover,9,1,Piano & Vocal,Gustave Kahn,Egbert Van Alstyne,"Detroit, Michigan & New York, New York",Jerome H. Remick & Co.,,1915,The front cover of this sheet is royal blue with a red lamp on it.,NOT DOWNLOADED: 1S1jsW5PEwoyoDOgc9Y5,1S1jsW5PEwoyoDOgc9Y5T3DaeAYdd5QHg
638,Sheet,None But The Lonely Heart,Front Cover,Back Cover,9,1,,Jerry Castillo,P. Tchaikovsky,"201 East 26th Street, Chicago, Illinois",Calumet Music Co.,,1935,The front cover of this sheet is in black and white with a red heart in the middle.,NOT DOWNLOADED: 1ropjmx8pU0-RffHv7xo,1ropjmx8pU0-RffHv7xoqhJtEd3gtfSlP
639,Sheet,"There's A Long, Long Trail",Front Cover,Back Cover,9,1,,Stoddard King,Zo Elliott,"New York, New York",M. Witmark & Sons,,1914,The front cover indicates that the solo is 60 cents and the duet is 75 cents.,NOT DOWNLOADED: 1wX5snvGK3xEVzxWALPO,1wX5snvGK3xEVzxWALPOmI6QhQlvbAQ8N
640,Sheet,In A Little Town Near By,Front Cover,Back Cover,9,1,,Amy Ashmore Clark,Florence Turner-Maley,"Dep't W. 1650 Broadway, New York, New York",M. Witmark & Sons,,1921,There is an advertisement for another song on the back of this sheet.,NOT DOWNLOADED: 12BBnjl5uqYQgR2bqU2_,12BBnjl5uqYQgR2bqU2_h6hBbH9s1x52V
641,Sheet,The Americans Come!,Front Cover,Back Cover,9,1,Piano & Vocal,Elizabeth A. Wilbur,Fay Foster,"Fourth Avenue and Eighth Street, New York, New York",J. Fischer & Bro,,1918,There is a small image of soldiers on the front cover of this sheet.,NOT DOWNLOADED: 1bKfeYh5yGc6wHBWOYuw,1bKfeYh5yGc6wHBWOYuwq4nCEXgNwBswD
642,Sheet,When My Dream Boat Comes Home,Front Cover,Back Cover,9,1,Piano & Vocal,Cliff Friend & Dave Franklin,Cliff Friend & Dave Franklin,"New York, New York",M. Witmark & Sons,,1936,The cover of this sheet is a rusted color wth a boat on it with a heart.,NOT DOWNLOADED: 1Nsuh7PB0ySuvVtinkXz,1Nsuh7PB0ySuvVtinkXzjVycLuOoLE2Cd
643,Sheet,West Of The Great Divide (2 copies),Front Cover,Back Cover,9,1,,George Whiting,Ernest R. Ball,"Dep't W. 1650 Broadway, New York, New York",M. Witmark & Sons,,1924,The title of this sheet is in red lettering.,NOT DOWNLOADED: 1U50HsW0dryiiGRBQeqO,1U50HsW0dryiiGRBQeqOD90clVN0K11J1
644,Sheet,Did I Remember,Front Cover,Back Cover,9,1,,Harold Adamson,Walter Donaldson,"1629 Broadway, New York City, New York","Leo. Feist, Inc.",,1936,There are advertisements for two other songs on the back cover.,NOT DOWNLOADED: 1DJlDrzPBAVEpg3oPHUx,1DJlDrzPBAVEpg3oPHUxdebKYrvVMWk1x
645,Sheet,Auf Wiedersehn (2 copies),Front Cover,Back Cover,9,1,,Herbert Reynolds,Sigmund Romberg,"3 East 43rd Street, New York, New York",G. Schirmer,,1915,The title of this song is in orange lettering.,NOT DOWNLOADED: 18NfqZ23RS-8F0Z58_Ag,18NfqZ23RS-8F0Z58_AgoLmbTLXonBuSj
646,Sheet,Dark Eyes,Front Cover,Back Cover,9,1,Russian Ballas,Bernice Manoloff,Nick Manoloff,"201 East 26th Street, Chicago, Illinois",Calumet Music Co.,,1935,Provies English and Russian lyrics.,NOT DOWNLOADED: 1MvDaca13_NmmGaMImWT,1MvDaca13_NmmGaMImWTNTpi1dNIjROei
647,Sheet,Love Songs Of The Nile,Front Cover,Back Cover,9,1,,Arthur Freed,Nacio Herb Brown,"799 Seventh Avenue, New York, New York",Robbins Music Corporation,,1933,There are advertisements for other songs on the back cover of this sheet.,NOT DOWNLOADED: 123kXtA26Cw-PsuIyncF,123kXtA26Cw-PsuIyncFC32vlWSv-vXsK
648,Sheet,Old MacDonald Had A Farm,Front Cover,Back Cover,9,1,,Mort. H. Glickman,Mort. H. Glickman,"62 West 45th Street, New York, New York",Calumet Music Co.,,1935,The front cover of this sheet has a farmer on it.,NOT DOWNLOADED: 1Lzu7h-jGflEyv8jApLZ,1Lzu7h-jGflEyv8jApLZ0CvBtGTfLpqGQ
649,Sheet,Little Old Lady,Front Cover,Back Cover,9,1,Piano & Vocal,Hoagy Carmichael & Stanley Adams,Hoagy Carmichael & Stanley Adams,"Rockefeller Center, New York City, New York","Chappell & Co., Inc.",,1936,There are advertisements for other songs on the back cover of this sheet.,NOT DOWNLOADED: 1vwn3RJJV3O5Wc0_1Egy,1vwn3RJJV3O5Wc0_1EgynIoHgw90Lp46P
650,Sheet,Gingham Gown,Front Cover,Back Cover,9,1,,Arthur A. Penn,Arthur A. Penn,"Dep't W. 1650 Broadway, New York, New York",M. Witmark & Sons,,1921,There are advertisements on the back of this sheet.,NOT DOWNLOADED: 1rohNCSN2FNOB1m6IFMQ,1rohNCSN2FNOB1m6IFMQxkvboHUKKLaM8
651,Sheet,The Garden Of Dreams,Front Cover,Back Cover,9,1,,Clare Kummer,Clare Kummer,"Detroit, Michigan & New York, New York",Jerome H. Remick & Co.,,1908,The cover of this sheet has green designs all over it. Pages in poor condition.,NOT DOWNLOADED: 1MtmtdLJNZEcmq9IilkX,1MtmtdLJNZEcmq9IilkXNb17fD0QqAQD6
652,Sheet,Gen. Boulanger's March,Front Cover,Back Cover,9,1,,None,Julian Cramer,,The W.F. Shaw Co.,,1887,The font of this piece of sheet music is large and an interesting style.,NOT DOWNLOADED: 1iA2IDGy59A1QIJAAIfK,1iA2IDGy59A1QIJAAIfKDqz0zdGmPOiSI
653,Sheet,Tell Me The Old Old Story,Front Cover,Back Cover,9,1,,Richard L. Weaver,Richard L. Weaver,"136 N. 9th St., Philadelphia, Pennsylvania",Joesph Morris,,1908,There is only the cover page and what is on the back of the cover page.,,
654,Sheet,Queen Mary's Prayer,Front Cover,Back Cover,9,1,Sacred,Justice Bliss,M. Lindsay,"277 Washington St., Boston, Massachusetts",Oliver Ditson & Co.,,,This piece of sheet music is not in very good condition.,NOT DOWNLOADED: 1pXgZ5tR7Mb5PnKaZ0VJ,1pXgZ5tR7Mb5PnKaZ0VJCakUGDKSOAnQt
655,Sheet,Because,Front Cover,Back Cover,9,1,Piano & Vocal,Edward Teschemacher,Guy D'Hardelot,"Rockefeller Center, New York City, New York","Chappell & Co., Inc.",,1902,There are advertisements for four other songs on the back of this sheet.,NOT DOWNLOADED: 19jDGkzKJQ8Hqm9rJd1G,19jDGkzKJQ8Hqm9rJd1GI2nr3fiMYsmm5
656,Sheet,"Old Time Songs, All Through The Night",Front Cover,Back Cover,9,1,Piano & Vocal,Harold Boulton,J.B.W.,"Boston, Massachusetts",Oliver Ditson Company,,1897,There is an advertisement for another song on the back cover of this sheet.,NOT DOWNLOADED: 1JSbqTxSkBJs2HWXZGgB,1JSbqTxSkBJs2HWXZGgBc0pBQ2d1Bx0IX
657,Sheet,Gypsy Love Song,Front Cover,Back Cover,9,1,,Harry B. Smith,Victor Herbert,"New York, New York",M. Witmark & Sons,,1898,The front cover indicates that the solo is 60 cents and the duet is 75 cents.,,
658,Sheet,Sunrise And You,Front Cover,Back Cover,9,1,,Arthur A. Penn,Arthur A. Penn,"No. 7 Whitmark Building, New York, New York",M. Witmark & Sons,,1918,There are advertisements on the back cover.,NOT DOWNLOADED: 1L6EY-UEzWzFHyuj3T5h,1L6EY-UEzWzFHyuj3T5hlLKiQQzu-0Dyh
659,Sheet,Somewhere A Voice Is Calling,Front Cover,Back Cover,9,1,Piano & Vocal,Eileen Newton,Arthur F. Tate,"62-64, West 45th Street, New York, New York","T.B. Harms & Francis, Day & Hunter, Inc.",J.H. Larway,1911,The title of the song is underlined in orange-red coloring,NOT DOWNLOADED: 16r3f9dMNgsoUbB9gJvD,16r3f9dMNgsoUbB9gJvDjFlNzG5jNi_Ca
660,Sheet,Serenade,Front Cover,Back Cover,9,1,,Jerry Castillo,Franz Schubert,"62 West 45th Street, New York, New York",Calumet Music Co.,,1935,The cover of this sheet is yellow with an image of a balcony.,NOT DOWNLOADED: 1M6JI580GJb9svAp5Ogd,1M6JI580GJb9svAp5OgdGOFPCcWwEz4sV
661,Sheet,Liebestraum (Dream Of Love),Front Cover,Back Cover,9,1,,None,Franz Liszt,"2611 Indiana Avenue, Chicago, Illinois",Moderne Edition,,1936,The cover of this sheet is a powder blue color.,NOT DOWNLOADED: 19jph0djLRNPW3-Kmbum,19jph0djLRNPW3-Kmbumxx6kYk4nXhieK
662,Sheet,The Last Rose Of Summer,Front Cover,Back Cover,9,1,,Jerry Castillo,Fredrick Von Flotow,"201 East 26th Street, Chicago, Illinois",Calumet Music Co.,,1935,The cover page of this sheet is a light pink with orange designs.,NOT DOWNLOADED: 1DZG-2B_MVnDswxKZmxj,1DZG-2B_MVnDswxKZmxjhfMAeTP81VPfA
663,Sheet,Kashmiri Song (Pale Hands I Loved) (2 copies),Front Cover,Back Cover,9,1,Piano & Vocal,Laurence Hope,Amy Woodforde-Finden,"Steinway Hall, 113 West 57th St., New York,New York","Boosey & Company, Inc.",,1903,There is an advertisement for another song on the back cover of this sheet.,NOT DOWNLOADED: 1zGV8dxPB_yRhMosEOc1,1zGV8dxPB_yRhMosEOc1Yt1sin9DrDivf
664,Sheet,Just A-Wearyin' For You,Front Cover,Back Cover,9,1,,Frank Stanton,Carrie Jacobs-Bond,"Hollywood, California",Carrie Jacobs-Bond & Son,,1901,There is a flower wreath on the front cover of this sheet.,NOT DOWNLOADED: 1IPUWNs5WdNmD3GBF3bw,1IPUWNs5WdNmD3GBF3bwEFtqm60cqVFXd
665,Sheet,I'll Take You Home Again Kathleen,Front Cover,Back Cover,9,1,,Thomas P. Westendorf,Thomas P. Westendorf,"201 East 26th Street, Chicago, Illinois",Calumet Music Co.,,1935,"The front cover of this piece has orange, black, and white on it.",NOT DOWNLOADED: 1p6T-lkiRvpYE2ke24Kk,1p6T-lkiRvpYE2ke24KkqNiROOIvbloFa
666,Sheet,"If You're In Love, You'll Waltz",Front Cover,Back Cover,9,1,,Joseph McCarthy,Harry Tierney,"231 W. 40th St., New York, New York","Leo. Feist, Inc.",,1926,The front cover of this sheet has a woman dressed in elegant clothing.,NOT DOWNLOADED: 1ikFJW4iSyxylMN0rxf3,1ikFJW4iSyxylMN0rxf3CXDC9fOZH7Fol
667,Sheet,Here's Hoping,Front Cover,Back Cover,9,1,Piano & Vocal,Harold Adamson,J. Fred Coots,"755-7th Avenue, New York City, New York","Santly Bros., Inc.- Music Publishers",,1932,The front cover of this piece has pink and purple designs on it.,NOT DOWNLOADED: 1mqKHc1b5TMe8JheroWv,1mqKHc1b5TMe8JheroWvzlPHQD2fRB7Xe
668,Sheet,Till the Sands of the Desert Grow Cold,Front Cover,Back Cover,9,1,Piano/Vocal,Geo. Graff Jr.,Ernest R. Ball,New York,M. Witmark & Sons,,1911,,,
669,Sheet,Sweet Little Buttercup,Front Cover,Back Cover,10,2,Piano & Vocal,Alfred Bryan,Herman Paley,Detroit & New York,Jerome H. Remick & Co.,,1918,A girl in a white dress sorounded by orange flowers,NOT DOWNLOADED: 1rD5JWA5vTKuPHOSJ_0Q,1rD5JWA5vTKuPHOSJ_0QggtnDVQwlrgFv
670,Sheet,Homeland,Front Cover,Back Cover,10,1,Piano & Vocal,Sidney Homer,Sidney Homer,"New York, New York",New York Times,,1918,A song published onto The New York Times magazine,NOT DOWNLOADED: 1whQIemKZlI66lX_SHta,1whQIemKZlI66lX_SHtap0PCj3fz2qCMf
671,Sheet,Huckleberry Finn,Front Cover,Back Cover,10,2,Piano & Vocal,"Sam M. Lewis, Joe Young, Cliff Hess","Sam M. Lewis, Joe Young, Cliff Hess","New York, New York","Waterson, Berlin & Snyder Co.",,1917,The cover is a drawing of fictional character Huckleberry Finn holding a fishing rod with a fish,NOT DOWNLOADED: 1SnjEY4Nthz4f6-klnIo,1SnjEY4Nthz4f6-klnIoAf854zLBGtbY-
672,Sheet,Mozart Sonatas 6 and 14 (incomplete),Front Cover,Back Cover,10,2,Piano,,Mozart,"New York, New York",U.S. School of Music New York City,,Unknown,Mozart piano music,NOT DOWNLOADED: 14EaOD6emXF9xFDJf_FW,14EaOD6emXF9xFDJf_FWinbqBUhW8ReJd
673,Sheet,Baby Pulled The Pussy's Tail,Front Cover,Back Cover,10,1,Piano & Vocal,L. Frank Baum,Alberta N. Hall,Chicago and New York,The Geo. M Hill,,1900,A depiction of a boy pulling a cat's tail (Verse by the same person who wrote the Wizard of Oz),NOT DOWNLOADED: 1Zf_vJs0yfXfysayGTsA,1Zf_vJs0yfXfysayGTsAfp4QCLBX1InNi
674,Sheet,Little Sweet Mazurka,Front Cover,Back Cover,10,1,Piano,,C. W. Wilcox,"New York, New York",U.S. School of Music New York City,,1909,One song from a list of songs belonging to the U.S. School of Music,NOT DOWNLOADED: 1W2fv91nnchXWGFhrFdZ,1W2fv91nnchXWGFhrFdZ6WtJF9f-PQOiH
675,Sheet,Rolling Stones All Come Rolling Home Again,Front Cover,Back Cover,10,2,Piano & Vocal,Edgar Leslie,Archie Gottler,"New York, New York",Kalmar Puck & Abrahams Co.,,1916,"A picture of ney york in the background, a woman standing in a doorway, and a crowd of people",NOT DOWNLOADED: 1K4b09K2yJwN64emty1c,1K4b09K2yJwN64emty1coE5KTY1mmbqsz
676,Sheet,Turn Back The Universe and Give Me Yesterday,Front Cover,Back Cover,10,5,Piano & Vocal,J. Keirn Brennan,Ernast R. Ball,"New York, Chicago, and London",M. Witmark & Sons,,1916,A picture of a woman looking off to the side with flowers around her.,NOT DOWNLOADED: 1XOm1trXjebk0HEESLXT,1XOm1trXjebk0HEESLXT0HpEnnF9PCjzP
677,Sheet,On the Mesa Grande,Front Cover,Back Cover,10,1,Piano,,L. Maurice,"27 Spruce Street, New York, NY",,Henry Ridder,1909,American Home Monthly in large font with drawing of a woman.,NOT DOWNLOADED: 1MwxgKbdzwk6F0pe4U2y,1MwxgKbdzwk6F0pe4U2y34_wVssmWoapI
678,Sheet,(The Song That I Heard in My Childhood) That’s the Song of Songs for Me,Front Cover,Back Cover,10,1,Piano/Vocal,Joe Goodwin,Nat. Osborne,"224 West 47th Street, New York, NY","Shapiro, Bernstein and Co.",,1915,Includes excerpts from other popular hits of the time.,NOT DOWNLOADED: 1V7ViOuQi5RsCyXANc-5,1V7ViOuQi5RsCyXANc-53O0fHEFa4Ckyx
679,Sheet,“Down Old New England Way” The Sunday World’s Album of Original Songs,Front Cover,Back Cover,10,1,Piano/Vocal,Harry S. Miller,Emily Smith,New York,E.T.Paull Music Co.,,1899,,NOT DOWNLOADED: 1Cteqw9j_5-O3sw6M5lO,1Cteqw9j_5-O3sw6M5lOJJv3xyjFF-G9Y
680,Sheet,Selected Compositions for the Piano by Modern Masters ''Queen of the Fairies'',Front Cover,Back Cover,10,1,Piano,,Sydney Smith,"1178 Broadway and 17 West 28th Street, New York",Century Music Publishing Company,,1905? (when exerpt of song on back was dated),"The top right corner is signed to ''Mrs. H. Parker from Blanche L. Droge""",NOT DOWNLOADED: 1bnMwpE-hhZN4jD31MbI,1bnMwpE-hhZN4jD31MbIrXOzISsgsI7YK
681,Sheet,With You in Eternity,Front Cover,Back Cover,10,1,Piano/Vocal,Arthur Lamb,Alfred Solman,"102-104 West 38th St., New York",Jos.W.Stern and Co.,,1907,,NOT DOWNLOADED: 16-RD7y_VmFX-pWznVCp,16-RD7y_VmFX-pWznVCpd7FWsyDzD4z6d
682,Sheet,La Mouette (The Seagull),Front Cover,Back Cover,10,1,Folk,,William Clifton Daland,"25 Union Square, New York",William A. Pond and Co.,,1879,,NOT DOWNLOADED: 1ujfJUfDJLhXLKBY1gMz,1ujfJUfDJLhXLKBY1gMzmLBm7arWNUs8t
683,Sheet,If I Give My Heart to You,Front Cover,Back Cover,10,1,Pop / Voice,"Jimmie Crane, Al Jacobs, Jimmy Brewster","Jimmie Crane, Al Jacobs, Jimmy Brewster","799 Seventh Avenue, New York, NY",Miller Music Corporation,,1953-1954,,NOT DOWNLOADED: 1aBUn9kMlleT5sBZ1A-g,1aBUn9kMlleT5sBZ1A-gbGXKjjHh8FkYw
684,Sheet,Whistle and Blow Your Blues Away,Front Cover,Back Cover,10,1,Piano/Vocal,Joe Young,Carmen Lombardo,"1657 Broadway, New York",Remick Music Corp.,,1932,,NOT DOWNLOADED: 1T74I276SOUK-AzHdD1j,1T74I276SOUK-AzHdD1j2B9LowH45YSLb
685,Sheet,Somebody Else is Taking My Place,Front Cover,Back Cover,10,1,Guitar/Dance,"Dick Howard, Bob Ellsworth, Russ Morgan","Dick Howard, Bob Ellsworth, Russ Morgan","RKO (Radio City Music Hall) Building, 1270 Sixth Avenue, New York","Shapiro, Bernstein and Co.",,1941,,NOT DOWNLOADED: 19rSM2gTsjlimHAH1sjC,19rSM2gTsjlimHAH1sjC2IDI3AOGPuFay
686,Sheet,Let Me Call You Sweetheart (I'm in Love With You),Front Cover,Back Cover,10,1,Guitar/Vocal,Beth Slater Whitson,Leo Friedman,"RKO (Radio City Music Hall) Building, 1270 Sixth Avenue, New York and 1657 Broadway, New York","Shapiro, Bernstein and Co. and Paull-Pioneer Music Corp.",,"Original Copyright 1910, Renewed 1937",,NOT DOWNLOADED: 1-cp8QIbe3X43o2HnCmX,1-cp8QIbe3X43o2HnCmXhYWBRujgeM7YN
687,Sheet,I’m Gonna Love That Guy (Like He’s Never Been Loved Before),Front Cover,Back Cover,10,1,Piano/Vocal,Frances Ash,Frances Ash,"799 Seventh Avenue, New York, NY",Bourne Inc. Music Publishers,,1945,,NOT DOWNLOADED: 1Hb12nrpA0xcMegilS0W,1Hb12nrpA0xcMegilS0W0uV6qVDkzeaMg
688,Sheet,(Bring Back Those) Rock-A-Bye Baby Days,Front Cover,Back Cover,10,1,Lullaby Fox Trot with Ukulele,Harold Christy,Abner Silver,"Feist Building, 231 West 40th Street, New York and 193 Yonge Street, Toronto, Canada",Leo Feist Inc.,,1924,,NOT DOWNLOADED: 1_ybvE3SYnz9M6ScMh56,1_ybvE3SYnz9M6ScMh56y8EuWmugryJuD
689,Sheet,I'm Always Chasing Rainbows,Front Cover,Back Cover,10,1,Soundtrack,Joseph McCarthy,Harry Carroll,New York,Miller Music Corporation and Robbins Music Corporation,,1918,"Featured in the 20th Century-Fox picture ""The Dolly Sisters""",NOT DOWNLOADED: 11ynS1-f8jUBJC-P-gBG,11ynS1-f8jUBJC-P-gBGmXqUnuxLCUP6I
690,Sheet,When I Grow Too Old to Dream,Front Cover,Back Cover,10,1,Soundtrack,Oscar Hammerstein II,Sigmund Romberg,"799 Seventh Avenue, New York",Robbins Music Corporation,,1935,"Featured in the Metro-Goldwyn-Mayer picture ""The Night is Young""",NOT DOWNLOADED: 12WrDUDK0pFhgk0BLGD2,12WrDUDK0pFhgk0BLGD2bffkMC8nuHpvN
691,Sheet,"""The Child of the Regiment"", Lindiana (A Choice Selection of Jenny Lind Songs)",Front Cover,Back Cover,10,1,Piano,,Charles Grobe,"722 Chesnut Street, Philadelphia",Lee and Walker,,1858,Tan Copy,NOT DOWNLOADED: 1QmG-UoDytqw0g5Xsf6b,1QmG-UoDytqw0g5Xsf6bmksgGbkDxUbkd
692,Sheet,"""Comin' Thro' the Rye"", Lindiana (A Choice Selection of Jenny Lind Songs)",Front Cover,Back Cover,10,1,Piano,,Charles Grobe,"722 Chesnut Street, Philadelphia",Lee and Walker,,1856,Blue Copy,NOT DOWNLOADED: 1P9Nk1P_tWH5VaWp0wFL,1P9Nk1P_tWH5VaWp0wFLzjSNXj0yft5v0
693,Sheet,The Narvesen Polka,Front Cover,Back Cover,10,1,Piano/Polka,,Will B. Stone,"University Place Cor. 12th St., New York",,R.M. Walters,unknown,,NOT DOWNLOADED: 1Rh81q2ew2aUnmeGwQLJ,1Rh81q2ew2aUnmeGwQLJMfjxfhXnzJQDF
694,Sheet,Dance of the Fire-Flies,Front Cover,Back Cover,10,1,Piano,,Danno Sintenis (arranged by E.T. Paull),"46 West 28th St., New York",E.T. Paull Music Co.,,1902,,NOT DOWNLOADED: 1x_vnxqWkyD1JMZb7dGN,1x_vnxqWkyD1JMZb7dGN3u1XGig1p2aaH
695,Sheet,"""O for the Wings of a Dove"", German Songs 2nd Series",Front Cover,Back Cover,10,1,Piano/Vocal,W. Bartholomew,F. Mendelssohn-Bartholdy,"35 Union Square, New York",,G. Schirmer,1889,,NOT DOWNLOADED: 1ajy6ZZowZUw6tOCpVbz,1ajy6ZZowZUw6tOCpVbz3N5G7Rwl53WB_
696,Sheet,Fairly Caught,Front Cover,Back Cover,10,1,Piano/Vocal,Fred Rawkins,Louis Diehl,"25 Union Sq., New York and 152 State St., Chicago",WM.A. Pond and Co. (New York) and The Chicago Music Co.,,unknown,,NOT DOWNLOADED: 1sj0eKLijipw8euxly3Q,1sj0eKLijipw8euxly3QHdRXAbjMSU20A
697,Sheet,Prancing Pickaninnies (Cake Walk),Front Cover,Back Cover,10,1,Piano/Vocal,Andrew B. Sterling,Max Dreyfus,New York,T.B. Harms and Co.,,1899,"Small text at the bottom of the front cover says ""Supplement to The New York Sunday World. Nov. 5, 1899""",NOT DOWNLOADED: 1phWYpQ7kcKzJv0w1oFq,1phWYpQ7kcKzJv0w1oFqmnSga8aA7AWzs
698,Sheet,Windy City Two-Step and March,Front Cover,Back Cover,10,1,Piano,,F.R. Sweetland,"Chicago, IL",Lakeside Piano Company,,1900,Front cover is in worse condition than the rest of the piece. Ripped almost in half and around the edges.,NOT DOWNLOADED: 1-6XTDmljsjy5Y-9krq4,1-6XTDmljsjy5Y-9krq4iH_klXUBfkJnx
699,Sheet,IL Trovatore *plus lesson notes*,Front Cover,Back Cover *lesson notes*,10,1,Piano,,Sydney Smith,New York City,U.S. School of Music,,unknown,Typewritten lesson notes from the U.S. School of Music NYC were found with this piece. 6 total lessons but missing first lesson.,NOT DOWNLOADED: 1ZTGfZBmzaCix7URa8yT,1ZTGfZBmzaCix7URa8yT1Z94Y4RtXgZq3
700,Sheet,"“If I Were on the Stage (Kiss Me Again)”, Mllo Modiste",Front Cover,Back Cover,10,1,Piano/Vocal,Henry Blossom,Victor Herbert,"10 Witmark Building, New York",M. Witmark and Sons,,1905,,NOT DOWNLOADED: 1OBzsYKB-djczaz2xRVy,1OBzsYKB-djczaz2xRVysUsoA6EtxQvcY
701,Sheet,Four-Leaf Clover,Front Cover,Back Cover,10,1,Piano/Vocal,Ella Higginson,C. Whitney Coombs,unknown,,G. Schirmer,1896,"Inside says ""To Mrs. Antonia Sawyer"" above the title",NOT DOWNLOADED: 12lOeYMpHtOgI3kxha2s,12lOeYMpHtOgI3kxha2sh09JRCUJA3inV
702,Sheet,In the Chapel in the Moonlight,Front Cover,Back Cover,10,1,Guitar/Vocal,Billy Hill,Billy Hill,"Radio City Music Hall Building, 1270 Sixth Avenue, New York","Shapiro, Bernstein and Co.",,1936,Featuring Kitty Kallen,NOT DOWNLOADED: 1YsVKtgxFHtWWDgj17DT,1YsVKtgxFHtWWDgj17DTKvjfJ2uMH9sFJ
703,Sheet,Stein Song (University of Maine),Front Cover,Back Cover,10,1,Piano/Vocal,Lincoln Colcord,E.A. Fenstad,"Cooper Square, New York","Radio Music Company, Inc., Carl Fischer, Inc.",,"1910, 1927, 1930",Includes Ukulele arrangement. Arranged by A. W. Sprague. New arrangement by Rudy Vallee,NOT DOWNLOADED: 1lVDB-6uOR4umn8p3yAr,1lVDB-6uOR4umn8p3yArOZWzP-l14weBF
704,Sheet,"""People Will Say We're in Love"", Oklahoma!",Front Cover,Back Cover,10,1,Soundtrack,Oscar Hammerstein II,Richard Rodgers,New York,"Williamson Music, Inc.",,1943,,NOT DOWNLOADED: 1WMZnjZW1AZ74YiKqx4b,1WMZnjZW1AZ74YiKqx4bvsL2ja0UFY-N2
705,Sheet,Symphony,Front Cover,Back Cover,10,1,Piano/Vocal,"Andre Tabet and Roger Bernstein, American version by Jack Lawrence",Alstone,"RKO Building Rockefeller Center, New York City","Chappell and Co., Inc.",,1945,,NOT DOWNLOADED: 1nSMJ_jUnGUoAJ0f4xxE,1nSMJ_jUnGUoAJ0f4xxEU6V6eYsCzLn1s
706,Sheet,Rumors are Flying,Front Cover,Back Cover,10,1,Pop,Bennie Benjamin and George Weiss,Bennie Benjamin and George Weiss,"1619 Broadway, New York, NY",Oxford Music Corporation,,1946,,NOT DOWNLOADED: 1gyuctXZ9dWoRXlHrhwL,1gyuctXZ9dWoRXlHrhwLuZ2nM4KCzuHf5
707,Sheet,"""Will You Remember (Sweetheart)"", Maytime",Front Cover,Back Cover,10,1,Soundtrack,Rida Johnson Young,Sigmund Romberg,"3 East 43rd Street, New York",,G. Schirmer,1917,,NOT DOWNLOADED: 18sjjVTQU3NwPv2D0Aet,18sjjVTQU3NwPv2D0AetsCyLffAa_v4K0
708,Sheet,Smilin' Through,Front Cover,Back Cover,10,1,Soundtrack,Arthur A. Penn,Arthur A. Penn,"7 Whitmark Building, New York, NY",M. Whitmark and Sons,,1919,,NOT DOWNLOADED: 18hQmJLTH8QxkHcYlX2Q,18hQmJLTH8QxkHcYlX2QxN2h3sg7PTh9m
709,Sheet,"“If I Loved You”, Carousel",Front Cover,Back Cover,10,1,Soundtrack,Oscar Hammerstein II,Richard Rodgers,"RKO Building, Radio City, New York","Williamson Music, Inc.",,1945,,NOT DOWNLOADED: 1sr_VDHrpNsud_UJeHbb,1sr_VDHrpNsud_UJeHbbTxEiXz0SX0kVJ
710,Sheet,"“I Love Paris”, Can-Can",Front Cover,Back Cover,10,1,Soundtrack,Cole Porter,Cole Porter,"RKO Building, Rockefeller Center, New York","Buxton Hill Music Corp. and Chappell and Co., Inc.",,1953,,NOT DOWNLOADED: 1NEUBkNa7WWtwGdbwHc2,1NEUBkNa7WWtwGdbwHc2OtemYZe8fEqm0
711,Sheet,I'm Looking Over a Four Leaf Clover,Front Cover,Back Cover,10,1,Seasonal/Pop,Mort Dixon,Harry Woods,"RCA Building, Rockefeller Center, New York, NY",Remick Music Corp.,,1927,Featuring Art Mooney.,NOT DOWNLOADED: 17aXvlXziUeJnAGEtFMq,17aXvlXziUeJnAGEtFMqLo5Ifw3KFDYav
712,Book,The World's Best Music of Tschaikowsky,Front Cover,Back Cover,10,20,Piano,,P.I.Tschaikowsky,"1600 Broadway, New York, NY",Amsco Music Publishing Co.,,1942,,NOT DOWNLOADED: 1elXNmlumDTclMIF4vPl,1elXNmlumDTclMIF4vPlR6_hcrJaiOubU
713,Sheet,There Goes That Song Again,Front Cover,Back Cover,10,1,Soundtrack,Sammy Cahn,Jule Styne,"RKO (Radio City Music Hall) Building, 1270 Sixth Avenue, New York","Shapiro, Bernstein and Co. and Skidmore Music Co.",,1944,"From Columbia Pictures' ""Carolina Blues""",NOT DOWNLOADED: 1TtU3WOLTPMKsdijF6gJ,1TtU3WOLTPMKsdijF6gJjrR2ypdN3QpzJ
714,Sheet,Dream,Front Cover,Back Cover,10,1,Jazz/Pop,Johnny Mercer,Johnny Mercer,"RKO Building, Radio City, New York","Capitol Songs, Inc.",,1944-1945,Song performed by the Pied Pipers,NOT DOWNLOADED: 12H_h573NujI42P44xrE,12H_h573NujI42P44xrEhr_Iw3-ltIJTy
715,Sheet,The Glow-Worm,Front Cover,Back Cover,10,1,Classical,Paul Lincke,Paul Lincke,"RCA Building, Radio City, NYC",Edward B. Marks Music Corporation,,"1902, 1907, 1920, 1932",,NOT DOWNLOADED: 1Sl-6-PrK0bSSWTG8PaK,1Sl-6-PrK0bSSWTG8PaK7qkZ6f6uSFoMv
716,Sheet,Where the Shy Little Violets Grow,Front Cover,Back Cover,10,1,Jazz/Pop,Gus Kahn and Harry Warren,Gus Kahn and Harry Warren,New York,Remick Music Corp.,,1928,Includes ukulele/guitar arrangement,NOT DOWNLOADED: 16AuiBE9hKHPRQ26KBKw,16AuiBE9hKHPRQ26KBKwa7NR-S1brOiQk
717,Sheet,In the Valley of the Moon,Front Cover,Back Cover,10,1,Rock/Pop,Charlie Tobias and Joe Burke,Charlie Tobias and Joe Burke,"1587 Broadway, New York City, NY",Joe Morris Music Co.,,1933,Feature by Jack Arthur,NOT DOWNLOADED: 1JTHcDoI_o1AY_AiZe8L,1JTHcDoI_o1AY_AiZe8LR_8VeU6K2pw7z
718,Sheet,(It's No) Sin,Front Cover,Back Cover,10,1,Easy Listening,Chester R. Shull,George Hoven,"1650 Broadway, New York, NY",Algonquin Music Inc.,,1951,Orange cover,NOT DOWNLOADED: 1Zq_P5RjVnamlxwU4HgK,1Zq_P5RjVnamlxwU4HgKFs8qvUuGNhKQ7
719,Sheet,A Little Street Where Old Friends Meet,Front Cover,Back Cover,10,1,Easy Listening,Gus Kahn and Harry Woods,Gus Kahn and Harry Woods,"1587 Broadway, New York, NY",Joe Morris Music Co.,,1932,Feature by Art Kassel and his orchestra,NOT DOWNLOADED: 1acZrLnG57YjEaU5kXac,1acZrLnG57YjEaU5kXaceVWjBxV4xKgl3
720,Sheet,Gotta Be This or That,Front Cover,Back Cover,10,1,Pop,Sunny Skylar,Sunny Skylar,"RCA Building, New York, NY",Harms Inc.,,1945,Featuring Benny Goodman,NOT DOWNLOADED: 1OzpchgENc6GFkaGkYmL,1OzpchgENc6GFkaGkYmLlrpTDVNeWODVO
721,Sheet,I Can't Begin To Tell You,Front Cover,Back Cover,10,1,Pop / film,Mack Gordon,James V. Monaco,"1619 Broadway, New York, NY","Bregman, Vocco and Conn, Inc.",,1945,"From the film ""The Dolly Sisters""",NOT DOWNLOADED: 1SRMYGdugVnSezjReU1g,1SRMYGdugVnSezjReU1gvgpQz4zYUkqvQ
722,Sheet,It Looks Like Rain In Cherry Blossom Lane,Front Cover,Back Cover,10,1,Pop/ violin,Edgar Leslie and Joe Burke,Edgar Leslie and Joe Burke,"1619 Broadway, New York, NY",Joe Morris Music Co.,,1937,Featuring Jan Savitt,NOT DOWNLOADED: 1FdY2YuYmPrbRkjeRZGA,1FdY2YuYmPrbRkjeRZGAVGHAeaJifGiSR
723,Sheet,Baby Face,Front Cover,Back Cover,10,1,Pop,Benny Davis and Harry Akst,Benny Davis and Harry Akst,"New York, NY",Jerome H. Remick & Co.,,1926,,NOT DOWNLOADED: 1N52n6S1eu5t1Qv7omTY,1N52n6S1eu5t1Qv7omTYkfdFkPtSB14A8
724,Sheet,Sentimental Me,Front Cover,Back Cover,10,1,Pop/ Romance,Jim Morehead and Jimmy Cassin,Jim Morehead and Jimmy Cassin,"1619 Broadway, New York, NY","Knickerbocker Songs, Inc.",,1950,Featuring Russ Morgan playing the trombone,NOT DOWNLOADED: 18WEWfGTyrYbYupg6LBY,18WEWfGTyrYbYupg6LBYAzwfUfJnGguTR
725,Sheet,Side By Side,Front Cover,Back Cover,10,1,Pop/Orchestra,Harry Woods,Harry Woods,"1270 Sixth Ave, New York, NY","Shapiro, Bernstein & Co. Inc.",,1927,Gem Edition (standard popular edition),NOT DOWNLOADED: 1mdzZqHBlP52bBBk2MbM,1mdzZqHBlP52bBBk2MbMfA3tKyeEjhXQj
726,Sheet,I Dream of You More Than You Dream I Do,Front Cover,Back Cover,10,1,Trombone/Vocal,Marjorie Goetschius and Edna Osser,Marjorie Goetschius and Edna Osser,"1619 Broadway, New York, NY",Embassy Music Corporation,,1944,,NOT DOWNLOADED: 1E91C2DxUmdB-OO2S8US,1E91C2DxUmdB-OO2S8USGZ7g5SIerl1ON
727,Sheet,Some Time (Solo),Front Cover,Back Cover,10,1,Musical Soundtrack,Rida Johnson Young,Rudolf Friml,"3 East 43rd Street, New York",,G. Schirmer,1918,"From the musical ""Some Time""",NOT DOWNLOADED: 1RmTcpGEvZAAuv2e2pwb,1RmTcpGEvZAAuv2e2pwbrKpTBN1atB1bW
728,Sheet,Heaven Can Wait,Front Cover,Back Cover,10,1,Easy Listening/Pop,Eddie De Lange,Jimmy Van Heusen,"New York, NY",Remick Music Corporation,,1939,Featured by Woody Herman and his orchestra,NOT DOWNLOADED: 1MpTZrZTY_zKgUVCTdIA,1MpTZrZTY_zKgUVCTdIAcfgci12VdKPDd
729,Sheet,She Did It For Another,Front Cover,Back Cover,10,1,Voice / Piano,W.C. Parker,W. C. Parker,"1123 Broadway, Townsend-Building, NYC, NY",Richard A. Saalfield,,1901,"Musical supplement to the New York Sunday Press Sunday, December 8th, 1901",NOT DOWNLOADED: 1Fvug_lxQONt72UeCy7H,1Fvug_lxQONt72UeCy7H7t9C7BKnwqMZ0
730,Book,New Themes and Modern Gems,Front Cover,Back Cover,10,Unknown,Various for Organ,,Albert W. Berg,"25 Union Square, NYC, NY",WM. A. Pond & Co,,1878,For church or parlor music. Covers are very faded.,NOT DOWNLOADED: 1Fy64CKXDP5ypTaxyN_q,1Fy64CKXDP5ypTaxyN_qAz4AkEKgfWjaN
731,Book,The Organ,Front Cover,Back Cover,10,Unknown,Organ,,John Stainer,New York,"G. Schirmer, Inc.",,1909,Instructional book.,NOT DOWNLOADED: 1Vgwa0gpkmIHm9IkhIlk,1Vgwa0gpkmIHm9IkhIlkmzRiGHnh2Vghp
732,Sheet,I'm One of the Family Now,Front Cover,Back Cover,10,1,Voice / Piano,Arthur J. Lamb,Bernard Alder,"448 48th Street, NY, NY",Windsor Music Co.,,1898,"Sung by Jolly Nellie McHenry. Musical supplement to New York Journal May 28, 1899",NOT DOWNLOADED: 16-xzHyvzg_aVwsoDoTD,16-xzHyvzg_aVwsoDoTDZ9Bmf0wVWkT6s
733,Sheet,Just When I Needed You Most,Front Cover,Back Cover,10,1,Unknown,William B. Gray,William B. Gray,New York,,William B. Gray,1900,Written specifically for the Sunday World.,NOT DOWNLOADED: 1OTDm3JHQP7OyujmGdgq,1OTDm3JHQP7OyujmGdgq4ThwOr7lZqYCP
734,Sheet,Mariar,Front Cover,Back Cover,10,1,Unknown,Harry Williams,Mose Gumble,45 W. 28th Street NY,"Shapiro, Remick & Co",,1904,"As sung by Miss Clarice Vance. Music supplement New York American and Journal, Sunday, Feb. 19, 1905",NOT DOWNLOADED: 1kOJCbu4BrmisNTW1wSN,1kOJCbu4BrmisNTW1wSN03NVsmPks9pSQ
735,Sheet,Once More Take Me To Virginny,Front Cover,Back Cover,10,1,Vocal / Popular,Henry Melvin,J.W. Wheeler,"Boston, MA.",Atlantic Music Co.,,1899,"Written specifically for the Sunday World Sunday, April 1, 1900",NOT DOWNLOADED: 1u6DDdSXqHRv2bKdlBw_,1u6DDdSXqHRv2bKdlBw_QnsyN_urYy71j
736,Sheet,Dear Little Shamrock,Front Cover,Back Cover,10,1,Irish,J. W. Cherry,J. W. Cherry,Unknown,Unknown,,Unknown,Little information indictated.,NOT DOWNLOADED: 1Z1_hPUcv8-RP9cVdiVb,1Z1_hPUcv8-RP9cVdiVb71OIBpspQM430
737,Sheet,Does Your Heart Beat True to Me,Front Cover,Back Cover,10,1,Unknown,Thomas Maxwell,Thomas Maxwell,"717 Broadway, NY",Spear & Dehnoff,,1881,Sold in Red Bank by the Academy of Music,NOT DOWNLOADED: 1CyKuuJA7AesgmSQPZqk,1CyKuuJA7AesgmSQPZqk3fGIg-5bLXGsI
738,Sheet,Oh! How Delightful,Front Cover,Back Cover,10,1,Unknown,A. Sketchley,James L. Molloy,"277 Washington Street, NY, NY",Oliver Ditson & Company,,Unknown,Waltz Song in students frolic,NOT DOWNLOADED: 1_Bie6pfXTqyGsmJOX87,1_Bie6pfXTqyGsmJOX87lZCXr-ZaL4y6Q
739,Sheet,The New York World's Army Song Book,Front Cover,Back Cover,10,8,,Various,Various,New York,Various,,"1915, 1917","Selected by Harry Barnhart. Supplement to The New York World Sunday, Sept. 30, 1917",NOT DOWNLOADED: 1mwNBciqxMnJtgHDap6b,1mwNBciqxMnJtgHDap6bw2jFY-hvBnS4y
740,Sheet,"I Love you Truly, from Seven Songs",Front Cover,Back Cover,10,1,Piano and Vocal,Carrie Jacobs-Bond,Carrie Jacobs-Bond,"Hollywood, California",Carrie Jacobs-Bond & Son,,1916,,NOT DOWNLOADED: 1-GKcs1VrCIYMzcR3Ji0,1-GKcs1VrCIYMzcR3Ji0GFsA7B8tq-i3M
741,Sheet,I Love Thee,Front Cover,Back Cover,10,1,Piano/Vocal,Walter Rolfe,Edvard Grieg,New York,Century Music Publishing Co.,,1943,,NOT DOWNLOADED: 1rmElOYxrfH3Nia2iABc,1rmElOYxrfH3Nia2iABc2aeaS6T2kqDb1
742,Sheet,"Wedding March, from Midsummernight's Dream",Front Cover,Back Cover,10,1,Piano/ Ceremonial,,F. Mendelssohn,New York,,Carl Fischer,1902,Arranged by Renaud de Vilbac,NOT DOWNLOADED: 1GHztLSmxvb1sIA9wKSN,1GHztLSmxvb1sIA9wKSNrc5qBcnGgio-n
743,Sheet,Wedding March (Midsummernight's Dream),Front Cover,Back Cover,10,1,Hawaiian Guitar,Jerry Castillo,F. Mendelssohn,"201 East 26th Street, Chicago, IL",Calumet Music Co.,,1935,Arranged by Bob Kaai,NOT DOWNLOADED: 1Dfc4N_Kqk1Xb2vWhlCq,1Dfc4N_Kqk1Xb2vWhlCqoxDI_RZJZbbH7
744,Book,Scotson Clark's 15 Marches,Front Cover,Back Cover,10,15,Organ,,Scotson Clark,"Boston, MA",White-Smith Music Publishing Co.,,unknown,Binding is falling apart.,NOT DOWNLOADED: 1KSvtH4uxkq9LRCenFyt,1KSvtH4uxkq9LRCenFytb_Wj3EZWGcOYa
745,Book,Song Folio No. 4 (no cover),Front Cover,Back Cover,10,106?,Piano/Vocal,Various,Various,Unknown,Unknown,,"1891-1892, unknown","Song Folio No. 4 on spine. No front cover, songs missing.",NOT DOWNLOADED: 1jOI9yJDi03Adfj6o1H0,1jOI9yJDi03Adfj6o1H06NZKApIbL86Q8
746,Book,"Book No. 28, A Tribute to Stephen Foster",Front Cover,Back Cover,10,21,Organ/Vocal,Stephen Foster,Stephen Foster,"1600 W. Edgar Road (Route 1) Linden, NJ 07036",Magnus Organ Corporation,,1966,Missing front cover so title is inferred by information on the back inside cover.,NOT DOWNLOADED: 12XL_uz5zTOPrnVz5tga,12XL_uz5zTOPrnVz5tga2yYZu7FPgCBUq
747,Book,"Book No. 3, Favorite Songs",Front Cover,Back Cover,10,25,Organ/Vocal,Various,Various,"1600 W. Edgar Road (Route 1) Linden, NJ 07036",Magnus Organ Corporation,,1958,Missing front cover so title is inferred by information on the back cover.,NOT DOWNLOADED: 1n8_hpmrT4vKPdlvmPDY,1n8_hpmrT4vKPdlvmPDYFeE7TZFUr3CSG
748,Book,Songs by Edward Mac Dowell (no cover),Front Cover,Back Cover,10,9?,Piano/Vocal,,Edward Mac Dowell,,,,1896,Missing front cover and at least 1 song. All copyrighted by P.L.Jung.,NOT DOWNLOADED: 19ZeJsgidrEMge5_9uFG,19ZeJsgidrEMge5_9uFGRazCkoX3SbGkU
749,Book,The Etude (June 1911),Front Cover,Back Cover,11,,Piano/Organ,Various,Various,"Philadelphia, PA",Theodore Presser Co.,,1911,The front cover is designed to resemble a leather satchel.,NOT DOWNLOADED: 1YXg42bACgy06ernOfmI,1YXg42bACgy06ernOfmIFRMR-7cjYrolz
750,Book,The Etude (December 1911),Front Cover,Back Cover,11,,Piano,Various,Various,"Philadelphia, PA",Theodore Presser Co.,,1911,,NOT DOWNLOADED: 187R7NAsN5piFzV7oC3L,187R7NAsN5piFzV7oC3L7XcJCIWXqMLw8
751,Book,The Etude (February 1912),Front Cover,Back Cover,11,,Piano,Various,Various,"Philadelphia, PA",Theodore Presser Co.,,1912,,NOT DOWNLOADED: 1aL-D0et1kFKRvoq3Okb,1aL-D0et1kFKRvoq3OkbKosrN9UCN2qgu
752,Book,The Etude (April 1912) (2 copies),Front Cover,Back Cover,11,,Piano,Various,Various,"Philadelphia, PA",Theodore Presser Co.,,1912,,NOT DOWNLOADED: 1bX4OZyQeZ3Uyo47SvVV,1bX4OZyQeZ3Uyo47SvVVPV3pyefLnTkPE
753,Book,The Etude (January 1912),Front Cover,Back Cover,11,,Piano,Various,Various,"Philadelphia, PA",Theodore Presser Co.,,1912,,NOT DOWNLOADED: 183DDIEhgtZ6PmQuovGj,183DDIEhgtZ6PmQuovGjaWPLa_XFNqgwR
754,Book,The Etude (October 1910),Front Cover,Back Cover,11,,Piano,Various,Various,"Philadelphia, PA",Theodore Presser Co.,,1910,,NOT DOWNLOADED: 1rS8C09aoRxvBbNQZMC_,1rS8C09aoRxvBbNQZMC_wRad_U8DmU49w
755,Book,The Musician (December 1910),Front Cover,Back Cover,11,,Piano,Various,Various,"Boston, MA",Oliver Ditson Company,,1910,Missing front cover,NOT DOWNLOADED: 12eya5-dtNp9mIXaCYIK,12eya5-dtNp9mIXaCYIKeA-axq1RQwCwf
756,Book,The Etude (November 1942),Front Cover,Back Cover,11,,Piano,Various,Various,"Philadelphia, PA",Theodore Presser Co.,,1942,,NOT DOWNLOADED: 1GnGQja0LUnaWiAOG3nr,1GnGQja0LUnaWiAOG3nrQNK-RQs42m67Y
757,Book,The Etude (July 1910),Front Cover,Back Cover,11,,Piano,Various,Various,"Philadelphia, PA","Philadelphia, PA",,1910,,NOT DOWNLOADED: 1r-kgBYTwm8LdgSrvq3Y,1r-kgBYTwm8LdgSrvq3Y6odOP0THkqI3P
758,Book,The Etude (March 1910),Front Cover,Back Cover,11,,Piano,Various,Various,"Philadelphia, PA",Theodore Presser Co.,,1910,,NOT DOWNLOADED: 1iVA5BvahBCstgZuz05p,1iVA5BvahBCstgZuz05p3IBrVSK7tAUgF
759,Book,The Etude (September 1909),Front Cover,Back Cover,11,,Piano,Various,Various,"Philadelphia, PA",Theodore Presser Co.,,1909,,NOT DOWNLOADED: 1njf9bKgR0Yh5XE0__Kw,1njf9bKgR0Yh5XE0__KwC_3AT3VUNgG7x
760,Book,The Etude (August 1910),Front Cover,Back Cover,11,,Piano,Various,Various,"Philadelphia, PA",Theodore Presser Co.,,1910,Missing front cover,NOT DOWNLOADED: 1-XQ88Z-w0QLGo1LKb6v,1-XQ88Z-w0QLGo1LKb6vEuYpd1cqP4KrE
761,Book,The Etude (May 1909),Front Cover,Back Cover,11,,Piano,Various,Various,"Philadelphia, PA",Theodore Presser Co.,,1909,,NOT DOWNLOADED: 1IdhAChimqQKAV4xFif9,1IdhAChimqQKAV4xFif9VU5kVitLZTJi2
762,Book,,Front Cover,Back Cover,11,,,,,,,,,,,
